-- MySQL dump 10.13  Distrib 8.0.25, for Win64 (x86_64)
--
-- Host: localhost    Database: mydb
-- ------------------------------------------------------
-- Server version	8.0.25

/*!40101 SET @OLD_CHARACTER_SET_CLIENT=@@CHARACTER_SET_CLIENT */;
/*!40101 SET @OLD_CHARACTER_SET_RESULTS=@@CHARACTER_SET_RESULTS */;
/*!40101 SET @OLD_COLLATION_CONNECTION=@@COLLATION_CONNECTION */;
/*!50503 SET NAMES utf8mb4 */;
/*!40103 SET @OLD_TIME_ZONE=@@TIME_ZONE */;
/*!40103 SET TIME_ZONE='+00:00' */;
/*!40014 SET @OLD_UNIQUE_CHECKS=@@UNIQUE_CHECKS, UNIQUE_CHECKS=0 */;
/*!40014 SET @OLD_FOREIGN_KEY_CHECKS=@@FOREIGN_KEY_CHECKS, FOREIGN_KEY_CHECKS=0 */;
/*!40101 SET @OLD_SQL_MODE=@@SQL_MODE, SQL_MODE='NO_AUTO_VALUE_ON_ZERO' */;
/*!40111 SET @OLD_SQL_NOTES=@@SQL_NOTES, SQL_NOTES=0 */;

--
-- Table structure for table `admin`
--

DROP TABLE IF EXISTS `admin`;
/*!40101 SET @saved_cs_client     = @@character_set_client */;
/*!50503 SET character_set_client = utf8mb4 */;
CREATE TABLE `admin` (
  `a_adminId` varchar(45) NOT NULL,
  `a_adminPassword` varchar(45) NOT NULL,
  PRIMARY KEY (`a_adminId`)
) ENGINE=InnoDB DEFAULT CHARSET=utf8mb3;
/*!40101 SET character_set_client = @saved_cs_client */;

--
-- Dumping data for table `admin`
--

LOCK TABLES `admin` WRITE;
/*!40000 ALTER TABLE `admin` DISABLE KEYS */;
INSERT INTO `admin` VALUES ('a001','670b14728ad9902aecba32e22fa4f6bd');
/*!40000 ALTER TABLE `admin` ENABLE KEYS */;
UNLOCK TABLES;

--
-- Table structure for table `class`
--

DROP TABLE IF EXISTS `class`;
/*!40101 SET @saved_cs_client     = @@character_set_client */;
/*!50503 SET character_set_client = utf8mb4 */;
CREATE TABLE `class` (
  `c_类` varchar(45) NOT NULL,
  `c_类名` varchar(45) NOT NULL,
  `c_isDeleted` int NOT NULL,
  PRIMARY KEY (`c_类`)
) ENGINE=InnoDB DEFAULT CHARSET=utf8mb3;
/*!40101 SET character_set_client = @saved_cs_client */;

--
-- Dumping data for table `class`
--

LOCK TABLES `class` WRITE;
/*!40000 ALTER TABLE `class` DISABLE KEYS */;
INSERT INTO `class` VALUES ('c001','hygrothermograph',0),('c002','light sensor',0),('c003','security door',0);
/*!40000 ALTER TABLE `class` ENABLE KEYS */;
UNLOCK TABLES;

--
-- Table structure for table `device`
--

DROP TABLE IF EXISTS `device`;
/*!40101 SET @saved_cs_client     = @@character_set_client */;
/*!50503 SET character_set_client = utf8mb4 */;
CREATE TABLE `device` (
  `d_设备号` varchar(45) NOT NULL,
  `d_设备名` varchar(45) NOT NULL,
  `d_类` varchar(45) NOT NULL,
  `d_规格` varchar(200) DEFAULT NULL,
  `d_手动号码` varchar(45) NOT NULL,
  `d_家庭号` varchar(45) NOT NULL,
  `d_isDeleted` int NOT NULL,
  PRIMARY KEY (`d_设备号`),
  KEY `d_deviceClass_idx` (`d_类`),
  KEY `d_manuId_idx` (`d_手动号码`),
  KEY `d_familyId_idx` (`d_家庭号`),
  CONSTRAINT `d_deviceClass` FOREIGN KEY (`d_类`) REFERENCES `class` (`c_类`),
  CONSTRAINT `d_familyId` FOREIGN KEY (`d_家庭号`) REFERENCES `family` (`f_家庭号`),
  CONSTRAINT `d_manuId` FOREIGN KEY (`d_手动号码`) REFERENCES `manu` (`m_manuId`)
) ENGINE=InnoDB DEFAULT CHARSET=utf8mb3;
/*!40101 SET character_set_client = @saved_cs_client */;

--
-- Dumping data for table `device`
--

LOCK TABLES `device` WRITE;
/*!40000 ALTER TABLE `device` DISABLE KEYS */;
INSERT INTO `device` VALUES ('d001','Motion sensor light','c002','Lyyt 6 LED Motion Sensor Light - SENSOR-L.','m001','f001',0),('d002','Digital Temperature Humidity Sensor','c001','Digital Temperature Humidity Sensor Thermometer LCD Hygrometer WIFI Smart Home.','m001','f001',0),('d003','security accessories door sensor','c003','Panasonic home security accessories door sensor.','m002','f002',0),('d004','Wireless Temperature & Humidity Sensor','c001','Youshiko YC9315 Wireless Temperature & Humidity Sensor for Weather Station.','m001','f003',0),('d005','Door/security sensor','c003','Optex PIR door/security sensor OP-07A.','m002','f003',0),('d006','Motion Sensor Closet Night Lights','c002','10-30 LED Motion Sensor Closet Night Lights Rechargeable Cabinet Kitchen Lights.','m001','f003',0),('d007','LED Motion Sensor','c002','LED Motion Sensor Under Cabinet Closet Night Lights Rechargeable Kitchen Lamp US','m002','f004',0),('d008','Light 3-Color Motion Sensor','c002','Upgraded 138 LED Closet Light 3-Color Motion Sensor Wireless USB Rechargeable','m002','f005',0),('d009','Window Door Magnetic Sensor','c003','10X WIRELESS Home Window Door Burglar Security ALARM System Magnetic Sensor','m002','f006',0),('d010','Digital Temperature and Humidity Sensor','c001','Digital Temperature and Humidity Sensor For Arduino AM2302 DHT11 DHT22 AM2302B.','m001','f006',0),('d011','10 LED Motion Sensor','c002','10 LED Motion Sensor Closet Lights Cordless Under Cabinet Lightening Bar 10-Pack.','m001','f007',0),('d012','10-30 LED Motion Sensor','c002','10-30 LED Motion Sensor Closet Lights Wireless Night Under Cabinet Kitchen Lamps.','m001','f008',0),('d013','Wireless Remote Control Door/Window Sensor','c003','KERUI Wireless Remote Control Door/Window Sensor Home Security Burglar Alarm.','m001','f008',0),('d014','Window alarm home','c003','5 pack Warning Camera Security sticker window alarm home business surveillance.','m001','f009',0),('d015','Wireless Rechargeable LED Motion Sensor','c002','Wireless Rechargeable LED Motion Sensor Under Cabinet Night Lights Kitchen Lamps.','m001','f009',0),('d016','Digital LCD Temperature Humidity Sensor','c001','Baldr Digital LCD Indoor Outdoor Temperature Humidity Touch Screen with Sensor.','m001','f010',0),('d017',' AM2302 Digital Temperature Humidity Sensor','c001','DHT22 AM2302 Digital Temperature Humidity Sensor Replace SHT11 SHT15 Arduino USA.','m002','f011',0),('d018','Wireless Window/Door Sensor','c003','Wireless Window/Door Open 52 Chime Entry Security Alarm Doorbell Magnetic Sensor.','m002','f011',0),('d019','BOSCH Temperature & Humidity Pressure Sensor','c001','1pcs CJMCU-680 BME680 BOSCH Temperature & Humidity Pressure Sensor.','m002','f012',0),('d020','Motion sensor light','c002','Lyyt 6 LED Motion Sensor Light - SENSOR-L.','m002','f012',0),('d021','10-30 LED Motion Sensor','c002','10-30 LED Motion Sensor Closet Lights Wireless Night Under Cabinet Kitchen Lamps.','m002','f013',0),('d022','BOSCH Temperature & Humidity Pressure Sensor','c001','1pcs CJMCU-680 BME680 BOSCH Temperature & Humidity Pressure Sensor.','m001','f014',0),('d023','Wireless Remote Control Door/Window Sensor','c003','KERUI Wireless Remote Control Door/Window Sensor Home Security Burglar Alarm.','m001','f014',0),('d024','10-30 LED Motion Sensor','c002','10-30 LED Motion Sensor Closet Lights Wireless Night Under Cabinet Kitchen Lamps.','m001','f014',0),('d025','security accessories door sensor','c003','Panasonic home security accessories door sensor.','m002','f014',0),('d026','security accessories door sensor','c003','Panasonic home security accessories door sensor.','m001','f015',0),('d027','Window alarm home','c003','5 pack Warning Camera Security sticker window alarm home business surveillance.','m002','f015',0),('d028','LED Motion Sensor','c002','LED Motion Sensor Under Cabinet Closet Night Lights Rechargeable Kitchen Lamp US','m001','f016',0),('d029','Wireless Remote Control Door/Window Sensor','c003','KERUI Wireless Remote Control Door/Window Sensor Home Security Burglar Alarm.','m002','f017',0),('d030','security accessories door sensor','c003','Panasonic home security accessories door sensor.','m001','f017',0),('d031','10 LED Motion Sensor','c002','10 LED Motion Sensor Closet Lights Cordless Under Cabinet Lightening Bar 10-Pack.','m002','f018',0),('d032','LED Motion Sensor','c002','LED Motion Sensor Under Cabinet Closet Night Lights Rechargeable Kitchen Lamp US','m002','f019',0),('d033','Motion sensor light','c002','Lyyt 6 LED Motion Sensor Light - SENSOR-L.','m002','f019',0),('d034','Window alarm home','c003','5 pack Warning Camera Security sticker window alarm home business surveillance.','m002','f020',0),('d035','BOSCH Temperature & Humidity Pressure Sensor','c001','1pcs CJMCU-680 BME680 BOSCH Temperature & Humidity Pressure Sensor.','m002','f021',0),('d036','Digital Temperature Humidity Sensor','c001','Digital Temperature Humidity Sensor Thermometer LCD Hygrometer WIFI Smart Home.','m001','f021',0),('d037','Window alarm home','c003','5 pack Warning Camera Security sticker window alarm home business surveillance.','m001','f022',0),('d038','Wireless Window/Door Sensor','c003','Wireless Window/Door Open 52 Chime Entry Security Alarm Doorbell Magnetic Sensor.','m001','f023',0),('d039','Wireless Rechargeable LED Motion Sensor','c002','Wireless Rechargeable LED Motion Sensor Under Cabinet Night Lights Kitchen Lamps.','m002','f024',0),('d040','BOSCH Temperature & Humidity Pressure Sensor','c001','1pcs CJMCU-680 BME680 BOSCH Temperature & Humidity Pressure Sensor.','m001','f025',0),('d041','Wireless Window/Door Sensor','c003','Wireless Window/Door Open 52 Chime Entry Security Alarm Doorbell Magnetic Sensor.','m001','f026',0),('d042','Digital Temperature Humidity Sensor','c001','Digital Temperature Humidity Sensor Thermometer LCD Hygrometer WIFI Smart Home.','m001','f026',0),('d043','Wireless Window/Door Sensor','c003','Wireless Window/Door Open 52 Chime Entry Security Alarm Doorbell Magnetic Sensor.','m002','f026',0),('d044','Wireless Window/Door Sensor','c003','Wireless Window/Door Open 52 Chime Entry Security Alarm Doorbell Magnetic Sensor.','m001','f027',0),('d045','LED Motion Sensor','c002','LED Motion Sensor Under Cabinet Closet Night Lights Rechargeable Kitchen Lamp US','m001','f028',0),('d046','BOSCH Temperature & Humidity Pressure Sensor','c001','1pcs CJMCU-680 BME680 BOSCH Temperature & Humidity Pressure Sensor.','m001','f029',0),('d050','Motion sensor light','c002','Lyyt 6 LED Motion Sensor Light - SENSOR-L.','m001','f030',0);
/*!40000 ALTER TABLE `device` ENABLE KEYS */;
UNLOCK TABLES;

--
-- Table structure for table `door`
--

DROP TABLE IF EXISTS `door`;
/*!40101 SET @saved_cs_client     = @@character_set_client */;
/*!50503 SET character_set_client = utf8mb4 */;
CREATE TABLE `door` (
  `do_设备号` varchar(45) NOT NULL,
  `do_时间` datetime(6) NOT NULL,
  `do_状态` int NOT NULL,
  `do_isDeleted` int NOT NULL,
  PRIMARY KEY (`do_设备号`,`do_时间`),
  CONSTRAINT `do_deviceId` FOREIGN KEY (`do_设备号`) REFERENCES `device` (`d_设备号`)
) ENGINE=InnoDB DEFAULT CHARSET=utf8mb3;
/*!40101 SET character_set_client = @saved_cs_client */;

--
-- Dumping data for table `door`
--

LOCK TABLES `door` WRITE;
/*!40000 ALTER TABLE `door` DISABLE KEYS */;
INSERT INTO `door` VALUES ('d001','2021-10-03 09:59:00.000000',0,0),('d001','2021-10-03 09:59:01.000000',0,0),('d001','2021-10-03 09:59:02.000000',0,0),('d001','2021-10-03 09:59:03.000000',0,0),('d001','2021-10-03 09:59:04.000000',0,0),('d001','2021-10-03 09:59:05.000000',0,0),('d001','2021-10-03 09:59:06.000000',0,0),('d001','2021-10-03 09:59:07.000000',0,0),('d001','2021-10-03 09:59:08.000000',0,0),('d001','2021-10-03 09:59:09.000000',0,0),('d001','2021-10-03 09:59:10.000000',0,0),('d001','2021-10-03 09:59:11.000000',0,0),('d001','2021-10-03 09:59:12.000000',0,0),('d001','2021-10-03 09:59:13.000000',0,0),('d001','2021-10-03 09:59:14.000000',0,0),('d001','2021-10-03 09:59:15.000000',0,0),('d001','2021-10-03 09:59:16.000000',0,0),('d001','2021-10-03 09:59:17.000000',0,0),('d001','2021-10-03 09:59:18.000000',0,0),('d001','2021-10-03 09:59:19.000000',0,0),('d001','2021-10-03 09:59:20.000000',0,0),('d001','2021-10-03 09:59:21.000000',0,0),('d001','2021-10-03 09:59:22.000000',0,0),('d001','2021-10-03 09:59:23.000000',0,0),('d001','2021-10-03 09:59:24.000000',0,0),('d001','2021-10-03 09:59:25.000000',0,0),('d001','2021-10-03 09:59:26.000000',0,0),('d001','2021-10-03 09:59:27.000000',0,0),('d001','2021-10-03 09:59:28.000000',0,0),('d001','2021-10-03 09:59:29.000000',0,0),('d001','2021-10-03 09:59:30.000000',0,0),('d001','2021-10-03 09:59:31.000000',0,0),('d001','2021-10-03 09:59:32.000000',0,0),('d001','2021-10-03 09:59:33.000000',0,0),('d001','2021-10-03 09:59:34.000000',0,0),('d001','2021-10-03 09:59:35.000000',0,0),('d001','2021-10-03 09:59:36.000000',0,0),('d001','2021-10-03 09:59:37.000000',0,0),('d001','2021-10-03 09:59:38.000000',0,0),('d001','2021-10-03 09:59:39.000000',0,0),('d001','2021-10-03 09:59:40.000000',0,0),('d001','2021-10-03 09:59:41.000000',0,0),('d001','2021-10-03 09:59:42.000000',0,0),('d001','2021-10-03 09:59:43.000000',0,0),('d001','2021-10-03 09:59:44.000000',0,0),('d001','2021-10-03 09:59:45.000000',0,0),('d001','2021-10-03 09:59:46.000000',0,0),('d001','2021-10-03 09:59:47.000000',0,0),('d001','2021-10-03 09:59:48.000000',0,0),('d001','2021-10-03 09:59:49.000000',0,0),('d001','2021-10-03 09:59:50.000000',0,0),('d001','2021-10-03 09:59:51.000000',0,0),('d001','2021-10-03 09:59:52.000000',0,0),('d001','2021-10-03 09:59:53.000000',0,0),('d001','2021-10-03 09:59:54.000000',0,0),('d001','2021-10-03 09:59:55.000000',0,0),('d001','2021-10-03 09:59:56.000000',0,0),('d001','2021-10-03 09:59:57.000000',0,0),('d001','2021-10-03 09:59:58.000000',0,0),('d001','2021-10-03 09:59:59.000000',0,0),('d001','2021-10-03 10:00:00.000000',0,0),('d001','2021-10-03 10:00:01.000000',0,0),('d001','2021-10-03 10:00:02.000000',0,0),('d001','2021-10-03 10:00:03.000000',0,0),('d001','2021-10-03 10:00:04.000000',0,0),('d001','2021-10-03 10:00:05.000000',0,0),('d001','2021-10-03 10:00:06.000000',0,0),('d001','2021-10-03 10:00:07.000000',0,0),('d001','2021-10-03 10:00:08.000000',0,0),('d001','2021-10-03 10:00:09.000000',0,0),('d001','2021-10-03 10:00:10.000000',0,0),('d001','2021-10-03 10:00:11.000000',0,0),('d001','2021-10-03 10:00:12.000000',0,0),('d001','2021-10-03 10:00:13.000000',0,0),('d001','2021-10-03 10:00:14.000000',0,0),('d001','2021-10-03 10:00:15.000000',0,0),('d001','2021-10-03 10:00:16.000000',0,0),('d001','2021-10-03 10:00:17.000000',0,0),('d001','2021-10-03 10:00:18.000000',0,0),('d001','2021-10-03 10:00:19.000000',0,0),('d001','2021-10-03 10:00:20.000000',0,0),('d001','2021-10-03 10:00:21.000000',0,0),('d001','2021-10-03 10:00:22.000000',0,0),('d001','2021-10-03 10:00:23.000000',0,0),('d001','2021-10-03 10:00:24.000000',0,0),('d001','2021-10-03 10:00:25.000000',0,0),('d001','2021-10-03 10:00:26.000000',0,0),('d001','2021-10-03 10:00:27.000000',0,0),('d001','2021-10-03 10:00:28.000000',0,0),('d001','2021-10-03 10:00:29.000000',0,0),('d001','2021-10-03 10:00:30.000000',0,0),('d001','2021-10-03 10:00:31.000000',0,0),('d001','2021-10-03 10:00:32.000000',0,0),('d001','2021-10-03 10:00:33.000000',0,0),('d001','2021-10-03 10:00:34.000000',0,0),('d001','2021-10-03 10:00:35.000000',0,0),('d001','2021-10-03 10:00:36.000000',0,0),('d001','2021-10-03 10:00:37.000000',0,0),('d001','2021-10-03 10:00:38.000000',0,0),('d001','2021-10-03 10:00:39.000000',0,0),('d001','2021-10-03 10:00:40.000000',0,0),('d001','2021-10-03 10:00:41.000000',0,0),('d001','2021-10-03 10:00:42.000000',0,0),('d001','2021-10-03 10:00:43.000000',0,0),('d001','2021-10-03 10:00:44.000000',0,0),('d001','2021-10-03 10:00:45.000000',0,0),('d001','2021-10-03 10:00:46.000000',0,0),('d001','2021-10-03 10:00:47.000000',0,0),('d001','2021-10-03 10:00:48.000000',0,0),('d001','2021-10-03 10:00:49.000000',0,0),('d001','2021-10-03 10:00:50.000000',0,0),('d001','2021-10-03 10:00:51.000000',0,0),('d001','2021-10-03 10:00:52.000000',0,0),('d001','2021-10-03 10:00:53.000000',0,0),('d001','2021-10-03 10:00:54.000000',0,0),('d001','2021-10-03 10:00:55.000000',0,0),('d001','2021-10-03 10:00:56.000000',0,0),('d001','2021-10-03 10:00:57.000000',0,0),('d001','2021-10-03 10:00:58.000000',0,0),('d001','2021-10-03 10:00:59.000000',0,0),('d001','2021-10-03 10:01:00.000000',0,0),('d001','2021-10-03 10:01:01.000000',0,0),('d001','2021-10-03 10:01:02.000000',0,0),('d001','2021-10-03 10:01:03.000000',0,0),('d001','2021-10-03 10:01:04.000000',0,0),('d001','2021-10-03 10:01:05.000000',0,0),('d001','2021-10-03 10:01:06.000000',0,0),('d001','2021-10-03 10:01:07.000000',0,0),('d001','2021-10-03 10:01:08.000000',0,0),('d001','2021-10-03 10:01:09.000000',0,0),('d001','2021-10-03 10:01:10.000000',0,0),('d001','2021-10-03 10:01:11.000000',0,0),('d001','2021-10-03 10:01:12.000000',0,0),('d001','2021-10-03 10:01:13.000000',0,0),('d001','2021-10-03 10:01:14.000000',0,0),('d001','2021-10-03 10:01:15.000000',0,0),('d001','2021-10-03 10:01:16.000000',0,0),('d001','2021-10-03 10:01:17.000000',0,0),('d001','2021-10-03 10:01:18.000000',0,0),('d001','2021-10-03 10:01:19.000000',0,0),('d001','2021-10-03 10:01:20.000000',0,0),('d001','2021-10-03 10:01:21.000000',0,0),('d001','2021-10-03 10:01:22.000000',0,0),('d001','2021-10-03 10:01:23.000000',0,0),('d001','2021-10-03 10:01:24.000000',0,0),('d001','2021-10-03 10:01:25.000000',0,0),('d001','2021-10-03 10:01:26.000000',0,0),('d001','2021-10-03 10:01:27.000000',0,0),('d001','2021-10-03 10:01:28.000000',0,0),('d001','2021-10-03 10:01:29.000000',0,0),('d001','2021-10-03 10:01:30.000000',0,0),('d001','2021-10-03 10:01:31.000000',0,0),('d001','2021-10-03 10:01:32.000000',0,0),('d001','2021-10-03 10:01:33.000000',0,0),('d001','2021-10-03 10:01:34.000000',0,0),('d001','2021-10-03 10:01:35.000000',0,0),('d001','2021-10-03 10:01:36.000000',0,0),('d001','2021-10-03 10:01:37.000000',0,0),('d001','2021-10-03 10:01:38.000000',0,0),('d001','2021-10-03 10:01:39.000000',0,0),('d001','2021-10-03 10:01:40.000000',0,0),('d001','2021-10-03 10:01:41.000000',0,0),('d001','2021-10-03 10:01:42.000000',0,0),('d001','2021-10-03 10:01:43.000000',0,0),('d001','2021-10-03 10:01:44.000000',0,0),('d001','2021-10-03 10:01:45.000000',0,0),('d001','2021-10-03 10:01:46.000000',0,0),('d001','2021-10-03 10:01:47.000000',0,0),('d001','2021-10-03 10:01:48.000000',0,0),('d001','2021-10-03 10:01:49.000000',0,0),('d001','2021-10-03 10:01:50.000000',0,0),('d001','2021-10-03 10:01:51.000000',0,0),('d001','2021-10-03 10:01:52.000000',0,0),('d001','2021-10-03 10:01:53.000000',0,0),('d001','2021-10-03 10:01:54.000000',0,0),('d001','2021-10-03 10:01:55.000000',0,0),('d001','2021-10-03 10:01:56.000000',0,0),('d001','2021-10-03 10:01:57.000000',0,0),('d001','2021-10-03 10:01:58.000000',0,0),('d001','2021-10-03 10:01:59.000000',0,0),('d001','2021-10-03 10:02:00.000000',0,0),('d001','2021-10-03 10:02:01.000000',0,0),('d001','2021-10-03 10:02:02.000000',0,0),('d001','2021-10-03 10:02:03.000000',0,0),('d001','2021-10-03 10:02:04.000000',0,0),('d001','2021-10-03 10:02:05.000000',0,0),('d001','2021-10-03 10:02:06.000000',0,0),('d001','2021-10-03 10:02:07.000000',0,0),('d001','2021-10-03 10:02:08.000000',0,0),('d001','2021-10-03 10:02:09.000000',0,0),('d001','2021-10-03 10:02:10.000000',0,0),('d001','2021-10-03 10:02:11.000000',0,0),('d001','2021-10-03 10:02:12.000000',0,0),('d001','2021-10-03 10:02:13.000000',0,0),('d001','2021-10-03 10:02:14.000000',0,0),('d001','2021-10-03 10:02:15.000000',0,0),('d001','2021-10-03 10:02:16.000000',0,0),('d001','2021-10-03 10:02:17.000000',0,0),('d001','2021-10-03 10:02:18.000000',0,0),('d001','2021-10-03 10:02:19.000000',0,0),('d001','2021-10-03 10:02:20.000000',0,0),('d001','2021-10-03 10:02:21.000000',0,0),('d001','2021-10-03 10:02:22.000000',0,0),('d001','2021-10-03 10:02:23.000000',0,0),('d001','2021-10-03 10:02:24.000000',0,0),('d001','2021-10-03 10:02:25.000000',0,0),('d001','2021-10-03 10:02:26.000000',0,0),('d001','2021-10-03 10:02:27.000000',0,0),('d001','2021-10-03 10:02:28.000000',0,0),('d001','2021-10-03 10:02:29.000000',0,0),('d001','2021-10-03 10:02:30.000000',0,0),('d001','2021-10-03 10:02:31.000000',0,0),('d001','2021-10-03 10:02:32.000000',0,0),('d001','2021-10-03 10:02:33.000000',0,0),('d001','2021-10-03 10:02:34.000000',0,0),('d001','2021-10-03 10:02:35.000000',0,0),('d001','2021-10-03 10:02:36.000000',0,0),('d001','2021-10-03 10:02:37.000000',0,0),('d001','2021-10-03 10:02:38.000000',0,0),('d001','2021-10-03 10:02:39.000000',0,0),('d001','2021-10-03 10:02:40.000000',0,0),('d001','2021-10-03 10:02:41.000000',0,0),('d001','2021-10-03 10:02:42.000000',0,0),('d001','2021-10-03 10:02:43.000000',0,0),('d001','2021-10-03 10:02:44.000000',0,0),('d001','2021-10-03 10:02:45.000000',0,0),('d001','2021-10-03 10:02:46.000000',0,0),('d001','2021-10-03 10:02:47.000000',0,0),('d001','2021-10-03 10:02:48.000000',0,0),('d001','2021-10-03 10:02:49.000000',0,0),('d001','2021-10-03 10:02:50.000000',0,0),('d001','2021-10-03 10:02:51.000000',0,0),('d001','2021-10-03 10:02:52.000000',0,0),('d001','2021-10-03 10:02:53.000000',0,0),('d001','2021-10-03 10:02:54.000000',0,0),('d001','2021-10-03 10:02:55.000000',0,0),('d001','2021-10-03 10:02:56.000000',0,0),('d001','2021-10-03 10:02:57.000000',0,0),('d001','2021-10-03 10:02:58.000000',0,0),('d001','2021-10-03 10:02:59.000000',0,0),('d001','2021-10-03 10:03:00.000000',0,0),('d001','2021-10-03 10:03:01.000000',0,0),('d001','2021-10-03 10:03:02.000000',0,0),('d001','2021-10-03 10:03:03.000000',0,0),('d001','2021-10-03 10:03:04.000000',0,0),('d001','2021-10-03 10:03:05.000000',0,0),('d001','2021-10-03 10:03:06.000000',1,0),('d001','2021-10-03 10:03:07.000000',1,0),('d001','2021-10-03 10:03:08.000000',1,0),('d001','2021-10-03 10:03:09.000000',1,0),('d001','2021-10-03 10:03:10.000000',1,0),('d001','2021-10-03 10:03:11.000000',1,0),('d001','2021-10-03 10:03:12.000000',1,0),('d001','2021-10-03 10:03:13.000000',1,0),('d001','2021-10-03 10:03:14.000000',1,0),('d001','2021-10-03 10:03:15.000000',1,0),('d001','2021-10-03 10:03:16.000000',1,0),('d001','2021-10-03 10:03:17.000000',1,0),('d001','2021-10-03 10:03:18.000000',1,0),('d001','2021-10-03 10:03:19.000000',1,0),('d001','2021-10-03 10:03:20.000000',1,0),('d001','2021-10-03 10:03:21.000000',1,0),('d001','2021-10-03 10:03:22.000000',1,0),('d001','2021-10-03 10:03:23.000000',1,0),('d001','2021-10-03 10:03:24.000000',1,0),('d001','2021-10-03 10:03:25.000000',1,0),('d001','2021-10-03 10:03:26.000000',1,0),('d001','2021-10-03 10:03:27.000000',1,0),('d001','2021-10-03 10:03:28.000000',1,0),('d001','2021-10-03 10:03:29.000000',1,0),('d001','2021-10-03 10:03:30.000000',1,0),('d001','2021-10-03 10:03:31.000000',1,0),('d001','2021-10-03 10:03:32.000000',1,0),('d001','2021-10-03 10:03:33.000000',1,0),('d001','2021-10-03 10:03:34.000000',0,0),('d001','2021-10-03 10:03:35.000000',0,0),('d001','2021-10-03 10:03:36.000000',0,0),('d001','2021-10-03 10:03:37.000000',0,0),('d001','2021-10-03 10:03:38.000000',0,0),('d001','2021-10-03 10:03:39.000000',1,0),('d001','2021-10-03 10:03:40.000000',1,0),('d001','2021-10-03 10:03:41.000000',1,0),('d001','2021-10-03 10:03:42.000000',1,0),('d001','2021-10-03 10:03:43.000000',1,0),('d001','2021-10-03 10:03:44.000000',0,0),('d001','2021-10-03 10:03:45.000000',0,0),('d001','2021-10-03 10:03:46.000000',0,0),('d001','2021-10-03 10:03:47.000000',0,0),('d001','2021-10-03 10:03:48.000000',0,0),('d001','2021-10-03 10:03:49.000000',0,0),('d001','2021-10-03 10:03:50.000000',0,0),('d001','2021-10-03 10:03:51.000000',0,0),('d001','2021-10-03 10:03:52.000000',0,0),('d001','2021-10-03 10:03:53.000000',0,0),('d001','2021-10-03 10:03:54.000000',0,0),('d001','2021-10-03 10:03:55.000000',0,0),('d001','2021-10-03 10:03:56.000000',0,0),('d001','2021-10-03 10:03:57.000000',0,0),('d001','2021-10-03 10:03:58.000000',0,0),('d001','2021-10-03 10:03:59.000000',0,0),('d001','2021-10-03 10:04:00.000000',0,0),('d001','2021-10-03 10:04:01.000000',0,0),('d001','2021-10-03 10:04:02.000000',0,0),('d001','2021-10-03 10:04:03.000000',0,0),('d001','2021-10-03 10:04:04.000000',0,0),('d001','2021-10-03 10:04:05.000000',0,0),('d001','2021-10-03 10:04:06.000000',0,0),('d001','2021-10-03 10:04:07.000000',0,0),('d001','2021-10-03 10:04:08.000000',0,0),('d001','2021-10-03 10:04:09.000000',0,0),('d001','2021-10-03 10:04:10.000000',0,0),('d001','2021-10-03 10:04:11.000000',0,0),('d001','2021-10-03 10:04:12.000000',0,0),('d001','2021-10-03 10:04:13.000000',0,0),('d001','2021-10-03 10:04:14.000000',0,0),('d001','2021-10-03 10:04:15.000000',0,0),('d001','2021-10-03 10:04:16.000000',0,0),('d001','2021-10-03 10:04:17.000000',0,0),('d001','2021-10-03 10:04:18.000000',0,0),('d001','2021-10-03 10:04:19.000000',0,0),('d001','2021-10-03 10:04:20.000000',0,0),('d001','2021-10-03 10:04:21.000000',0,0),('d001','2021-10-03 10:04:22.000000',0,0),('d001','2021-10-03 10:04:23.000000',0,0),('d001','2021-10-03 10:04:24.000000',0,0),('d001','2021-10-03 10:04:25.000000',0,0),('d001','2021-10-03 10:04:26.000000',0,0),('d001','2021-10-03 10:04:27.000000',0,0),('d001','2021-10-03 10:04:28.000000',0,0),('d001','2021-10-03 10:04:29.000000',0,0),('d001','2021-10-03 10:04:30.000000',0,0),('d001','2021-10-03 10:04:31.000000',0,0),('d001','2021-10-03 10:04:32.000000',0,0),('d001','2021-10-03 10:04:33.000000',0,0),('d001','2021-10-03 10:04:34.000000',0,0),('d001','2021-10-03 10:04:35.000000',0,0),('d001','2021-10-03 10:04:36.000000',0,0),('d001','2021-10-03 10:04:37.000000',0,0),('d001','2021-10-03 10:04:38.000000',0,0),('d001','2021-10-03 10:04:39.000000',0,0),('d001','2021-10-03 10:04:40.000000',0,0),('d001','2021-10-03 10:04:41.000000',0,0),('d001','2021-10-03 10:04:42.000000',0,0),('d001','2021-10-03 10:04:43.000000',0,0),('d001','2021-10-03 10:04:44.000000',0,0),('d001','2021-10-03 10:04:45.000000',0,0),('d001','2021-10-03 10:04:46.000000',0,0),('d001','2021-10-03 10:04:47.000000',0,0),('d001','2021-10-03 10:04:48.000000',0,0),('d001','2021-10-03 10:04:49.000000',0,0),('d001','2021-10-03 10:04:50.000000',0,0),('d001','2021-10-03 10:04:51.000000',0,0),('d001','2021-10-03 10:04:52.000000',0,0),('d001','2021-10-03 10:04:53.000000',0,0),('d001','2021-10-03 10:04:54.000000',0,0),('d001','2021-10-03 10:04:55.000000',0,0),('d001','2021-10-03 10:04:56.000000',0,0),('d001','2021-10-03 10:04:57.000000',0,0),('d001','2021-10-03 10:04:58.000000',0,0),('d001','2021-10-03 10:04:59.000000',0,0),('d001','2021-10-03 10:05:00.000000',0,0),('d001','2021-10-03 10:05:01.000000',0,0),('d001','2021-10-03 10:05:02.000000',0,0),('d001','2021-10-03 10:05:03.000000',0,0),('d001','2021-10-03 10:05:04.000000',0,0),('d001','2021-10-03 10:05:05.000000',0,0),('d001','2021-10-03 10:05:06.000000',0,0),('d001','2021-10-03 10:05:07.000000',0,0),('d001','2021-10-03 10:05:08.000000',0,0),('d001','2021-10-03 10:05:09.000000',0,0),('d001','2021-10-03 10:05:10.000000',0,0),('d001','2021-10-03 10:05:11.000000',0,0),('d001','2021-10-03 10:05:12.000000',0,0),('d001','2021-10-03 10:05:13.000000',0,0),('d001','2021-10-03 10:05:14.000000',0,0),('d001','2021-10-03 10:05:15.000000',0,0),('d001','2021-10-03 10:05:16.000000',0,0),('d001','2021-10-03 10:05:17.000000',0,0),('d001','2021-10-03 10:05:18.000000',0,0),('d001','2021-10-03 10:05:19.000000',0,0),('d001','2021-10-03 10:05:20.000000',0,0),('d001','2021-10-03 10:05:21.000000',0,0),('d001','2021-10-03 10:05:22.000000',0,0),('d001','2021-10-03 10:05:23.000000',0,0),('d001','2021-10-03 10:05:24.000000',0,0),('d001','2021-10-03 10:05:25.000000',0,0),('d001','2021-10-03 10:05:26.000000',0,0),('d001','2021-10-03 10:05:27.000000',0,0),('d001','2021-10-03 10:05:28.000000',0,0),('d001','2021-10-03 10:05:29.000000',0,0),('d001','2021-10-03 10:05:30.000000',0,0),('d001','2021-10-03 10:05:31.000000',0,0),('d001','2021-10-03 10:05:32.000000',0,0),('d001','2021-10-03 10:05:33.000000',0,0),('d001','2021-10-03 10:05:34.000000',0,0),('d001','2021-10-03 10:05:35.000000',0,0),('d001','2021-10-03 10:05:36.000000',0,0),('d001','2021-10-03 10:05:37.000000',0,0),('d001','2021-10-03 10:05:38.000000',0,0),('d001','2021-10-03 10:05:39.000000',0,0),('d001','2021-10-03 10:05:40.000000',0,0),('d001','2021-10-03 10:05:41.000000',0,0),('d001','2021-10-03 10:05:42.000000',0,0),('d001','2021-10-03 10:05:43.000000',0,0),('d001','2021-10-03 10:05:44.000000',0,0),('d001','2021-10-03 10:05:45.000000',0,0),('d001','2021-10-03 10:05:46.000000',0,0),('d001','2021-10-03 10:05:47.000000',0,0),('d001','2021-10-03 10:05:48.000000',0,0),('d001','2021-10-03 10:05:49.000000',0,0),('d001','2021-10-03 10:05:50.000000',0,0),('d001','2021-10-03 10:05:51.000000',0,0),('d001','2021-10-03 10:05:52.000000',0,0),('d001','2021-10-03 10:05:53.000000',0,0),('d001','2021-10-03 10:05:54.000000',0,0),('d001','2021-10-03 10:05:55.000000',1,0),('d001','2021-10-03 10:05:56.000000',1,0),('d001','2021-10-03 10:05:57.000000',1,0),('d001','2021-10-03 10:05:58.000000',1,0),('d001','2021-10-03 10:05:59.000000',1,0),('d001','2021-10-03 10:06:00.000000',1,0),('d001','2021-10-03 10:06:01.000000',1,0),('d001','2021-10-03 10:06:02.000000',1,0),('d001','2021-10-03 10:06:03.000000',1,0),('d001','2021-10-03 10:06:04.000000',1,0),('d001','2021-10-03 10:06:05.000000',1,0),('d001','2021-10-03 10:06:06.000000',1,0),('d001','2021-10-03 10:06:07.000000',1,0),('d001','2021-10-03 10:06:08.000000',1,0),('d001','2021-10-03 10:06:09.000000',1,0),('d001','2021-10-03 10:06:10.000000',0,0),('d001','2021-10-03 10:06:11.000000',0,0),('d001','2021-10-03 10:06:12.000000',0,0),('d001','2021-10-03 10:06:13.000000',0,0),('d001','2021-10-03 10:06:14.000000',0,0),('d001','2021-10-03 10:06:15.000000',0,0),('d001','2021-10-03 10:06:16.000000',0,0),('d001','2021-10-03 10:06:17.000000',0,0),('d001','2021-10-03 10:06:18.000000',0,0),('d001','2021-10-03 10:06:19.000000',0,0),('d001','2021-10-03 10:06:20.000000',0,0),('d001','2021-10-03 10:06:21.000000',0,0),('d001','2021-10-03 10:06:22.000000',0,0),('d001','2021-10-03 10:06:23.000000',0,0),('d001','2021-10-03 10:06:24.000000',0,0),('d001','2021-10-03 10:06:25.000000',0,0),('d001','2021-10-03 10:06:26.000000',0,0),('d001','2021-10-03 10:06:27.000000',0,0),('d001','2021-10-03 10:06:28.000000',0,0),('d001','2021-10-03 10:06:29.000000',0,0),('d001','2021-10-03 10:06:30.000000',0,0),('d001','2021-10-03 10:06:31.000000',0,0),('d001','2021-10-03 10:06:32.000000',0,0),('d001','2021-10-03 10:06:33.000000',0,0),('d001','2021-10-03 10:06:34.000000',0,0),('d001','2021-10-03 10:06:35.000000',0,0),('d001','2021-10-03 10:06:36.000000',0,0),('d001','2021-10-03 10:06:37.000000',0,0),('d001','2021-10-03 10:06:38.000000',0,0),('d001','2021-10-03 10:06:39.000000',0,0),('d001','2021-10-03 10:06:40.000000',0,0),('d001','2021-10-03 10:06:41.000000',0,0),('d001','2021-10-03 10:06:42.000000',0,0),('d001','2021-10-03 10:06:43.000000',0,0),('d001','2021-10-03 10:06:44.000000',0,0),('d001','2021-10-03 10:06:45.000000',0,0),('d001','2021-10-03 10:06:46.000000',0,0),('d001','2021-10-03 10:06:47.000000',0,0),('d001','2021-10-03 10:06:48.000000',0,0),('d001','2021-10-03 10:06:49.000000',0,0),('d001','2021-10-03 10:06:50.000000',0,0),('d001','2021-10-03 10:06:51.000000',0,0),('d001','2021-10-03 10:06:52.000000',0,0),('d001','2021-10-03 10:06:53.000000',0,0),('d001','2021-10-03 10:06:54.000000',0,0),('d001','2021-10-03 10:06:55.000000',0,0),('d001','2021-10-03 10:06:56.000000',0,0),('d001','2021-10-03 10:06:57.000000',0,0),('d001','2021-10-03 10:06:58.000000',0,0),('d001','2021-10-03 10:06:59.000000',0,0),('d001','2021-10-03 10:07:00.000000',0,0),('d001','2021-10-03 10:07:01.000000',0,0),('d001','2021-10-03 10:07:02.000000',0,0),('d001','2021-10-03 10:07:03.000000',0,0),('d001','2021-10-03 10:07:04.000000',0,0),('d001','2021-10-03 10:07:05.000000',0,0),('d001','2021-10-03 10:07:06.000000',0,0),('d001','2021-10-03 10:07:07.000000',0,0),('d001','2021-10-03 10:07:08.000000',0,0),('d001','2021-10-03 10:07:09.000000',0,0),('d001','2021-10-03 10:07:10.000000',0,0),('d001','2021-10-03 10:07:11.000000',0,0),('d001','2021-10-03 10:07:12.000000',0,0),('d001','2021-10-03 10:07:13.000000',0,0),('d001','2021-10-03 10:07:14.000000',0,0),('d001','2021-10-03 10:07:15.000000',0,0),('d001','2021-10-03 10:07:16.000000',0,0),('d001','2021-10-03 10:07:17.000000',0,0),('d001','2021-10-03 10:07:18.000000',0,0),('d001','2021-10-03 10:07:19.000000',0,0),('d001','2021-10-03 10:07:20.000000',0,0),('d001','2021-10-03 10:07:21.000000',0,0),('d001','2021-10-03 10:07:22.000000',0,0),('d001','2021-10-03 10:07:23.000000',0,0),('d001','2021-10-03 10:07:24.000000',0,0),('d001','2021-10-03 10:07:25.000000',0,0),('d001','2021-10-03 10:07:26.000000',0,0),('d001','2021-10-03 10:07:27.000000',0,0),('d001','2021-10-03 10:07:28.000000',0,0),('d001','2021-10-03 10:07:29.000000',0,0),('d001','2021-10-03 10:07:30.000000',0,0),('d001','2021-10-03 10:07:31.000000',0,0),('d001','2021-10-03 10:07:32.000000',0,0),('d001','2021-10-03 10:07:33.000000',0,0),('d001','2021-10-03 10:07:34.000000',0,0),('d001','2021-10-03 10:07:35.000000',0,0),('d001','2021-10-03 10:07:36.000000',0,0),('d001','2021-10-03 10:07:37.000000',0,0),('d001','2021-10-03 10:07:38.000000',0,0),('d001','2021-10-03 10:07:39.000000',0,0),('d001','2021-10-03 10:07:40.000000',0,0),('d001','2021-10-03 10:07:41.000000',0,0),('d001','2021-10-03 10:07:42.000000',0,0),('d001','2021-10-03 10:07:43.000000',0,0),('d001','2021-10-03 10:07:44.000000',0,0),('d001','2021-10-03 10:07:45.000000',0,0),('d001','2021-10-03 10:07:46.000000',0,0),('d001','2021-10-03 10:07:47.000000',0,0),('d001','2021-10-03 10:07:48.000000',0,0),('d001','2021-10-03 10:07:49.000000',0,0),('d001','2021-10-03 10:07:50.000000',0,0),('d001','2021-10-03 10:07:51.000000',0,0),('d001','2021-10-03 10:07:52.000000',0,0),('d001','2021-10-03 10:07:53.000000',0,0),('d001','2021-10-03 10:07:54.000000',0,0),('d001','2021-10-03 10:07:55.000000',0,0),('d001','2021-10-03 10:07:56.000000',0,0),('d001','2021-10-03 10:07:57.000000',0,0),('d001','2021-10-03 10:07:58.000000',0,0),('d001','2021-10-03 10:07:59.000000',0,0),('d001','2021-10-03 10:08:00.000000',0,0),('d001','2021-10-03 10:08:01.000000',0,0),('d001','2021-10-03 10:08:02.000000',0,0),('d001','2021-10-03 10:08:03.000000',0,0),('d001','2021-10-03 10:08:04.000000',0,0),('d001','2021-10-03 10:08:05.000000',0,0),('d001','2021-10-03 10:08:06.000000',0,0),('d001','2021-10-03 10:08:07.000000',0,0),('d001','2021-10-03 10:08:08.000000',0,0),('d001','2021-10-03 10:08:09.000000',0,0),('d001','2021-10-03 10:08:10.000000',0,0),('d001','2021-10-03 10:08:11.000000',0,0),('d001','2021-10-03 10:08:12.000000',0,0),('d001','2021-10-03 10:08:13.000000',0,0),('d001','2021-10-03 10:08:14.000000',0,0),('d001','2021-10-03 10:08:15.000000',0,0),('d001','2021-10-03 10:08:16.000000',0,0),('d001','2021-10-03 10:08:17.000000',0,0),('d001','2021-10-03 10:08:18.000000',0,0),('d001','2021-10-03 10:08:19.000000',0,0),('d001','2021-10-03 10:08:20.000000',0,0),('d001','2021-10-03 10:08:21.000000',0,0),('d001','2021-10-03 10:08:22.000000',0,0),('d001','2021-10-03 10:08:23.000000',0,0),('d001','2021-10-03 10:08:24.000000',0,0),('d001','2021-10-03 10:08:25.000000',0,0),('d001','2021-10-03 10:08:26.000000',0,0),('d001','2021-10-03 10:08:27.000000',0,0),('d001','2021-10-03 10:08:28.000000',0,0),('d001','2021-10-03 10:08:29.000000',0,0),('d001','2021-10-03 10:08:30.000000',0,0),('d001','2021-10-03 10:08:31.000000',0,0),('d001','2021-10-03 10:08:32.000000',0,0),('d001','2021-10-03 10:08:33.000000',0,0),('d001','2021-10-03 10:08:34.000000',0,0),('d001','2021-10-03 10:08:35.000000',0,0),('d001','2021-10-03 10:08:36.000000',0,0),('d001','2021-10-03 10:08:37.000000',0,0),('d001','2021-10-03 10:08:38.000000',0,0),('d001','2021-10-03 10:08:39.000000',0,0),('d001','2021-10-03 10:08:40.000000',0,0),('d001','2021-10-03 10:08:41.000000',0,0),('d001','2021-10-03 10:08:42.000000',0,0),('d001','2021-10-03 10:08:43.000000',0,0),('d001','2021-10-03 10:08:44.000000',0,0),('d001','2021-10-03 10:08:45.000000',0,0),('d001','2021-10-03 10:08:46.000000',0,0),('d001','2021-10-03 10:08:47.000000',0,0),('d001','2021-10-03 10:08:48.000000',0,0),('d001','2021-10-03 10:08:49.000000',0,0),('d001','2021-10-03 10:08:50.000000',0,0),('d001','2021-10-03 10:08:51.000000',0,0),('d001','2021-10-03 10:08:52.000000',0,0),('d001','2021-10-03 10:08:53.000000',0,0),('d001','2021-10-03 10:08:54.000000',0,0),('d001','2021-10-03 10:08:55.000000',0,0),('d001','2021-10-03 10:08:56.000000',0,0),('d001','2021-10-03 10:08:57.000000',0,0),('d001','2021-10-03 10:08:58.000000',0,0),('d001','2021-10-03 10:08:59.000000',0,0),('d001','2021-10-03 10:09:00.000000',0,0),('d001','2021-10-03 10:09:01.000000',0,0),('d001','2021-10-03 10:09:02.000000',0,0),('d001','2021-10-03 10:09:03.000000',0,0),('d001','2021-10-03 10:09:04.000000',0,0),('d001','2021-10-03 10:09:05.000000',0,0),('d001','2021-10-03 10:09:06.000000',0,0),('d001','2021-10-03 10:09:07.000000',0,0),('d001','2021-10-03 10:09:08.000000',0,0),('d001','2021-10-03 10:09:09.000000',0,0),('d001','2021-10-03 10:09:10.000000',0,0),('d001','2021-10-03 10:09:11.000000',0,0),('d001','2021-10-03 10:09:12.000000',0,0),('d001','2021-10-03 10:09:13.000000',0,0),('d001','2021-10-03 10:09:14.000000',0,0),('d001','2021-10-03 10:09:15.000000',0,0),('d001','2021-10-03 10:09:16.000000',0,0),('d001','2021-10-03 10:09:17.000000',0,0),('d001','2021-10-03 10:09:18.000000',0,0),('d001','2021-10-03 10:09:19.000000',0,0),('d001','2021-10-03 10:09:20.000000',0,0),('d001','2021-10-03 10:09:21.000000',0,0),('d001','2021-10-03 10:09:22.000000',0,0),('d001','2021-10-03 10:09:23.000000',0,0),('d001','2021-10-03 10:09:24.000000',0,0),('d001','2021-10-03 10:09:25.000000',0,0),('d001','2021-10-03 10:09:26.000000',0,0),('d001','2021-10-03 10:09:27.000000',0,0),('d001','2021-10-03 10:09:28.000000',0,0),('d001','2021-10-03 10:09:29.000000',0,0),('d001','2021-10-03 10:09:30.000000',0,0),('d001','2021-10-03 10:09:31.000000',0,0),('d001','2021-10-03 10:09:32.000000',0,0),('d001','2021-10-03 10:09:33.000000',0,0),('d001','2021-10-03 10:09:34.000000',0,0),('d001','2021-10-03 10:09:35.000000',1,0),('d001','2021-10-03 10:09:36.000000',1,0),('d001','2021-10-03 10:09:37.000000',1,0),('d001','2021-10-03 10:09:38.000000',1,0),('d001','2021-10-03 10:09:39.000000',1,0),('d001','2021-10-03 10:09:40.000000',1,0),('d001','2021-10-03 10:09:41.000000',1,0),('d001','2021-10-03 10:09:42.000000',1,0),('d001','2021-10-03 10:09:43.000000',1,0),('d001','2021-10-03 10:09:44.000000',1,0),('d001','2021-10-03 10:09:45.000000',1,0),('d001','2021-10-03 10:09:46.000000',1,0),('d001','2021-10-03 10:09:47.000000',1,0),('d001','2021-10-03 10:09:48.000000',1,0),('d001','2021-10-03 10:09:49.000000',1,0),('d001','2021-10-03 10:09:50.000000',1,0),('d001','2021-10-03 10:09:51.000000',1,0),('d001','2021-10-03 10:09:52.000000',0,0),('d001','2021-10-03 10:09:53.000000',0,0),('d001','2021-10-03 10:09:54.000000',0,0),('d001','2021-10-03 10:09:55.000000',0,0),('d001','2021-10-03 10:09:56.000000',0,0),('d001','2021-10-03 10:09:57.000000',0,0),('d001','2021-10-03 10:09:58.000000',0,0),('d001','2021-10-03 10:09:59.000000',0,0),('d001','2021-10-03 10:10:00.000000',0,0),('d001','2021-10-03 10:10:01.000000',0,0),('d001','2021-10-03 10:10:02.000000',0,0),('d001','2021-10-03 10:10:03.000000',0,0),('d001','2021-10-03 10:10:04.000000',0,0),('d001','2021-10-03 10:10:05.000000',0,0),('d001','2021-10-03 10:10:06.000000',0,0),('d001','2021-10-03 10:10:07.000000',0,0),('d001','2021-10-03 10:10:08.000000',0,0),('d001','2021-10-03 10:10:09.000000',0,0),('d001','2021-10-03 10:10:10.000000',0,0),('d001','2021-10-03 10:10:11.000000',0,0),('d001','2021-10-03 10:10:12.000000',0,0),('d001','2021-10-03 10:10:13.000000',0,0),('d001','2021-10-03 10:10:14.000000',0,0),('d001','2021-10-03 10:10:15.000000',0,0),('d001','2021-10-03 10:10:16.000000',0,0),('d001','2021-10-03 10:10:17.000000',0,0),('d001','2021-10-03 10:10:18.000000',0,0),('d001','2021-10-03 10:10:19.000000',0,0),('d001','2021-10-03 10:10:20.000000',0,0),('d001','2021-10-03 10:10:21.000000',0,0),('d001','2021-10-03 10:10:22.000000',0,0),('d001','2021-10-03 10:10:23.000000',0,0),('d001','2021-10-03 10:10:24.000000',0,0),('d001','2021-10-03 10:10:25.000000',0,0),('d001','2021-10-03 10:10:26.000000',0,0),('d001','2021-10-03 10:10:27.000000',0,0),('d001','2021-10-03 10:10:28.000000',0,0),('d001','2021-10-03 10:10:29.000000',0,0),('d001','2021-10-03 10:10:30.000000',0,0),('d001','2021-10-03 10:10:31.000000',0,0),('d001','2021-10-03 10:10:32.000000',0,0),('d001','2021-10-03 10:10:33.000000',0,0),('d001','2021-10-03 10:10:34.000000',0,0),('d001','2021-10-03 10:10:35.000000',0,0),('d001','2021-10-03 10:10:36.000000',0,0),('d001','2021-10-03 10:10:37.000000',0,0),('d001','2021-10-03 10:10:38.000000',0,0),('d001','2021-10-03 10:10:39.000000',0,0),('d001','2021-10-03 10:10:40.000000',0,0),('d001','2021-10-03 10:10:41.000000',0,0),('d001','2021-10-03 10:10:42.000000',0,0),('d001','2021-10-03 10:10:43.000000',0,0),('d001','2021-10-03 10:10:44.000000',0,0),('d001','2021-10-03 10:10:45.000000',0,0),('d001','2021-10-03 10:10:46.000000',0,0),('d001','2021-10-03 10:10:47.000000',0,0),('d001','2021-10-03 10:10:48.000000',0,0),('d001','2021-10-03 10:10:49.000000',0,0),('d001','2021-10-03 10:10:50.000000',0,0),('d001','2021-10-03 10:10:51.000000',0,0),('d001','2021-10-03 10:10:52.000000',0,0),('d001','2021-10-03 10:10:53.000000',0,0),('d001','2021-10-03 10:10:54.000000',0,0),('d001','2021-10-03 10:10:55.000000',0,0),('d001','2021-10-03 10:10:56.000000',0,0),('d001','2021-10-03 10:10:57.000000',0,0),('d001','2021-10-03 10:10:58.000000',0,0),('d001','2021-10-03 10:10:59.000000',0,0),('d001','2021-10-03 10:11:00.000000',0,0),('d001','2021-10-03 10:11:01.000000',0,0),('d001','2021-10-03 10:11:02.000000',0,0),('d001','2021-10-03 10:11:03.000000',0,0),('d001','2021-10-03 10:11:04.000000',0,0),('d001','2021-10-03 10:11:05.000000',0,0),('d001','2021-10-03 10:11:06.000000',0,0),('d001','2021-10-03 10:11:07.000000',0,0),('d001','2021-10-03 10:11:08.000000',0,0),('d001','2021-10-03 10:11:09.000000',0,0),('d001','2021-10-03 10:11:10.000000',0,0),('d001','2021-10-03 10:11:11.000000',0,0),('d001','2021-10-03 10:11:12.000000',0,0),('d001','2021-10-03 10:11:13.000000',0,0),('d001','2021-10-03 10:11:14.000000',0,0),('d001','2021-10-03 10:11:15.000000',0,0),('d001','2021-10-03 10:11:16.000000',0,0),('d001','2021-10-03 10:11:17.000000',0,0),('d001','2021-10-03 10:11:18.000000',0,0),('d001','2021-10-03 10:11:19.000000',0,0),('d001','2021-10-03 10:11:20.000000',0,0),('d001','2021-10-03 10:11:21.000000',0,0),('d001','2021-10-03 10:11:22.000000',0,0),('d001','2021-10-03 10:11:23.000000',0,0),('d001','2021-10-03 10:11:24.000000',0,0),('d001','2021-10-03 10:11:25.000000',0,0),('d001','2021-10-03 10:11:26.000000',0,0),('d001','2021-10-03 10:11:27.000000',0,0),('d001','2021-10-03 10:11:28.000000',0,0),('d001','2021-10-03 10:11:29.000000',0,0),('d001','2021-10-03 10:11:30.000000',0,0),('d001','2021-10-03 10:11:31.000000',0,0),('d001','2021-10-03 10:11:32.000000',0,0),('d001','2021-10-03 10:11:33.000000',0,0),('d001','2021-10-03 10:11:34.000000',0,0),('d001','2021-10-03 10:11:35.000000',0,0),('d001','2021-10-03 10:11:36.000000',0,0),('d001','2021-10-03 10:11:37.000000',0,0),('d001','2021-10-03 10:11:38.000000',0,0),('d001','2021-10-03 10:11:39.000000',0,0),('d001','2021-10-03 10:11:40.000000',0,0),('d001','2021-10-03 10:11:41.000000',0,0),('d001','2021-10-03 10:11:42.000000',0,0),('d001','2021-10-03 10:11:43.000000',0,0),('d001','2021-10-03 10:11:44.000000',0,0),('d001','2021-10-03 10:11:45.000000',0,0),('d001','2021-10-03 10:11:46.000000',0,0),('d001','2021-10-03 10:11:47.000000',0,0),('d001','2021-10-03 10:11:48.000000',0,0),('d001','2021-10-03 10:11:49.000000',0,0),('d001','2021-10-03 10:11:50.000000',0,0),('d001','2021-10-03 10:11:51.000000',0,0),('d001','2021-10-03 10:11:52.000000',0,0),('d001','2021-10-03 10:11:53.000000',0,0),('d001','2021-10-03 10:11:54.000000',0,0),('d001','2021-10-03 10:11:55.000000',0,0),('d001','2021-10-03 10:11:56.000000',0,0),('d001','2021-10-03 10:11:57.000000',0,0),('d001','2021-10-03 10:11:58.000000',0,0),('d001','2021-10-03 10:11:59.000000',0,0),('d001','2021-10-03 10:12:00.000000',0,0),('d001','2021-10-03 10:12:01.000000',0,0),('d001','2021-10-03 10:12:02.000000',0,0),('d001','2021-10-03 10:12:03.000000',0,0),('d001','2021-10-03 10:12:04.000000',0,0),('d001','2021-10-03 10:12:05.000000',0,0),('d001','2021-10-03 10:12:06.000000',0,0),('d001','2021-10-03 10:12:07.000000',0,0),('d001','2021-10-03 10:12:08.000000',0,0),('d001','2021-10-03 10:12:09.000000',0,0),('d001','2021-10-03 10:12:10.000000',0,0),('d001','2021-10-03 10:12:11.000000',0,0),('d001','2021-10-03 10:12:12.000000',0,0),('d001','2021-10-03 10:12:13.000000',0,0),('d001','2021-10-03 10:12:14.000000',0,0),('d001','2021-10-03 10:12:15.000000',0,0),('d001','2021-10-03 10:12:16.000000',0,0),('d001','2021-10-03 10:12:17.000000',0,0),('d001','2021-10-03 10:12:18.000000',0,0),('d001','2021-10-03 10:12:19.000000',0,0),('d001','2021-10-03 10:12:20.000000',0,0),('d001','2021-10-03 10:12:21.000000',0,0),('d001','2021-10-03 10:12:22.000000',0,0),('d001','2021-10-03 10:12:23.000000',0,0),('d001','2021-10-03 10:12:24.000000',0,0),('d001','2021-10-03 10:12:25.000000',0,0),('d001','2021-10-03 10:12:26.000000',0,0),('d001','2021-10-03 10:12:27.000000',0,0),('d001','2021-10-03 10:12:28.000000',0,0),('d001','2021-10-03 10:12:29.000000',0,0),('d001','2021-10-03 10:12:30.000000',0,0),('d001','2021-10-03 10:12:31.000000',0,0),('d001','2021-10-03 10:12:32.000000',0,0),('d001','2021-10-03 10:12:33.000000',0,0),('d001','2021-10-03 10:12:34.000000',0,0),('d001','2021-10-03 10:12:35.000000',0,0),('d001','2021-10-03 10:12:36.000000',0,0),('d001','2021-10-03 10:12:37.000000',0,0),('d001','2021-10-03 10:12:38.000000',0,0),('d001','2021-10-03 10:12:39.000000',0,0),('d001','2021-10-03 10:12:40.000000',0,0),('d001','2021-10-03 10:12:41.000000',0,0),('d001','2021-10-03 10:12:42.000000',0,0),('d001','2021-10-03 10:12:43.000000',0,0),('d001','2021-10-03 10:12:44.000000',0,0),('d001','2021-10-03 10:12:45.000000',0,0),('d001','2021-10-03 10:12:46.000000',0,0),('d001','2021-10-03 10:12:47.000000',0,0),('d001','2021-10-03 10:12:48.000000',0,0),('d001','2021-10-03 10:12:49.000000',0,0),('d001','2021-10-03 10:12:50.000000',0,0),('d001','2021-10-03 10:12:51.000000',0,0),('d001','2021-10-03 10:12:52.000000',0,0),('d001','2021-10-03 10:12:53.000000',0,0),('d001','2021-10-03 10:12:54.000000',0,0),('d001','2021-10-03 10:12:55.000000',0,0),('d001','2021-10-03 10:12:56.000000',0,0),('d001','2021-10-03 10:12:57.000000',0,0),('d001','2021-10-03 10:12:58.000000',0,0),('d001','2021-10-03 10:12:59.000000',0,0),('d001','2021-10-03 10:13:00.000000',0,0),('d001','2021-10-03 10:13:01.000000',0,0),('d001','2021-10-03 10:13:02.000000',0,0),('d001','2021-10-03 10:13:03.000000',0,0),('d001','2021-10-03 10:13:04.000000',0,0),('d001','2021-10-03 10:13:05.000000',0,0),('d001','2021-10-03 10:13:06.000000',0,0),('d001','2021-10-03 10:13:07.000000',0,0),('d001','2021-10-03 10:13:08.000000',0,0),('d001','2021-10-03 10:13:09.000000',0,0),('d001','2021-10-03 10:13:10.000000',0,0),('d001','2021-10-03 10:13:11.000000',0,0),('d001','2021-10-03 10:13:12.000000',0,0),('d001','2021-10-03 10:13:13.000000',0,0),('d001','2021-10-03 10:13:14.000000',0,0),('d001','2021-10-03 10:13:15.000000',0,0),('d001','2021-10-03 10:13:16.000000',0,0),('d001','2021-10-03 10:13:17.000000',0,0),('d001','2021-10-03 10:13:18.000000',0,0),('d001','2021-10-03 10:13:19.000000',0,0),('d001','2021-10-03 10:13:20.000000',0,0),('d001','2021-10-03 10:13:21.000000',0,0),('d001','2021-10-03 10:13:22.000000',0,0),('d001','2021-10-03 10:13:23.000000',0,0),('d001','2021-10-03 10:13:24.000000',0,0),('d001','2021-10-03 10:13:25.000000',0,0),('d001','2021-10-03 10:13:26.000000',0,0),('d001','2021-10-03 10:13:27.000000',0,0),('d001','2021-10-03 10:13:28.000000',0,0),('d001','2021-10-03 10:13:29.000000',0,0),('d001','2021-10-03 10:13:30.000000',0,0),('d001','2021-10-03 10:13:31.000000',0,0),('d001','2021-10-03 10:13:32.000000',0,0),('d001','2021-10-03 10:13:33.000000',0,0),('d001','2021-10-03 10:13:34.000000',0,0),('d001','2021-10-03 10:13:35.000000',0,0),('d001','2021-10-03 10:13:36.000000',0,0),('d001','2021-10-03 10:13:37.000000',0,0),('d001','2021-10-03 10:13:38.000000',0,0),('d001','2021-10-03 10:13:39.000000',0,0),('d001','2021-10-03 10:13:40.000000',0,0),('d001','2021-10-03 10:13:41.000000',0,0),('d001','2021-10-03 10:13:42.000000',0,0),('d001','2021-10-03 10:13:43.000000',0,0),('d001','2021-10-03 10:13:44.000000',0,0),('d001','2021-10-03 10:13:45.000000',0,0),('d001','2021-10-03 10:13:46.000000',0,0),('d001','2021-10-03 10:13:47.000000',0,0),('d001','2021-10-03 10:13:48.000000',0,0),('d001','2021-10-03 10:13:49.000000',0,0),('d001','2021-10-03 10:13:50.000000',0,0),('d001','2021-10-03 10:13:51.000000',0,0),('d001','2021-10-03 10:13:52.000000',0,0),('d001','2021-10-03 10:13:53.000000',0,0),('d001','2021-10-03 10:13:54.000000',0,0),('d001','2021-10-03 10:13:55.000000',0,0),('d001','2021-10-03 10:13:56.000000',0,0),('d001','2021-10-03 10:13:57.000000',0,0),('d001','2021-10-03 10:13:58.000000',0,0),('d001','2021-10-03 10:13:59.000000',0,0),('d001','2021-10-03 10:14:00.000000',0,0),('d001','2021-10-03 10:14:01.000000',0,0),('d001','2021-10-03 10:14:02.000000',0,0),('d001','2021-10-03 10:14:03.000000',0,0),('d001','2021-10-03 10:14:04.000000',0,0),('d001','2021-10-03 10:14:05.000000',0,0),('d001','2021-10-03 10:14:06.000000',0,0),('d001','2021-10-03 10:14:07.000000',0,0),('d001','2021-10-03 10:14:08.000000',0,0),('d001','2021-10-03 10:14:09.000000',0,0),('d001','2021-10-03 10:14:10.000000',0,0),('d001','2021-10-03 10:14:11.000000',0,0),('d001','2021-10-03 10:14:12.000000',0,0),('d001','2021-10-03 10:14:13.000000',0,0),('d001','2021-10-03 10:14:14.000000',0,0),('d001','2021-10-03 10:14:15.000000',0,0),('d001','2021-10-03 10:14:16.000000',0,0),('d001','2021-10-03 10:14:17.000000',0,0),('d001','2021-10-03 10:14:18.000000',0,0),('d001','2021-10-03 10:14:19.000000',0,0),('d001','2021-10-03 10:14:20.000000',0,0),('d001','2021-10-03 10:14:21.000000',0,0),('d001','2021-10-03 10:14:22.000000',0,0),('d001','2021-10-03 10:14:23.000000',0,0),('d001','2021-10-03 10:14:24.000000',0,0),('d001','2021-10-03 10:14:25.000000',0,0),('d001','2021-10-03 10:14:26.000000',0,0),('d001','2021-10-03 10:14:27.000000',0,0),('d001','2021-10-03 10:14:28.000000',0,0),('d001','2021-10-03 10:14:29.000000',0,0),('d001','2021-10-03 10:14:30.000000',0,0),('d001','2021-10-03 10:14:31.000000',0,0),('d001','2021-10-03 10:14:32.000000',0,0),('d001','2021-10-03 10:14:33.000000',0,0),('d001','2021-10-03 10:14:34.000000',0,0),('d001','2021-10-03 10:14:35.000000',0,0),('d001','2021-10-03 10:14:36.000000',0,0),('d001','2021-10-03 10:14:37.000000',0,0),('d001','2021-10-03 10:14:38.000000',0,0),('d001','2021-10-03 10:14:39.000000',0,0),('d001','2021-10-03 10:14:40.000000',0,0),('d001','2021-10-03 10:14:41.000000',0,0),('d001','2021-10-03 10:14:42.000000',0,0),('d001','2021-10-03 10:14:43.000000',0,0),('d001','2021-10-03 10:14:44.000000',0,0),('d001','2021-10-03 10:14:45.000000',0,0),('d001','2021-10-03 10:14:46.000000',0,0),('d001','2021-10-03 10:14:47.000000',0,0),('d001','2021-10-03 10:14:48.000000',0,0),('d001','2021-10-03 10:14:49.000000',0,0),('d001','2021-10-03 10:14:50.000000',0,0),('d001','2021-10-03 10:14:51.000000',0,0),('d001','2021-10-03 10:14:52.000000',0,0),('d001','2021-10-03 10:14:53.000000',0,0),('d001','2021-10-03 10:14:54.000000',0,0),('d001','2021-10-03 10:14:55.000000',0,0),('d001','2021-10-03 10:14:56.000000',0,0),('d001','2021-10-03 10:14:57.000000',0,0),('d001','2021-10-03 10:14:58.000000',0,0),('d001','2021-10-03 10:14:59.000000',0,0),('d001','2021-10-03 10:15:00.000000',0,0),('d001','2021-10-03 10:15:01.000000',0,0),('d001','2021-10-03 10:15:02.000000',0,0),('d001','2021-10-03 10:15:03.000000',0,0),('d001','2021-10-03 10:15:04.000000',0,0),('d001','2021-10-03 10:15:05.000000',0,0),('d001','2021-10-03 10:15:06.000000',0,0),('d001','2021-10-03 10:15:07.000000',0,0),('d001','2021-10-03 10:15:08.000000',0,0),('d001','2021-10-03 10:15:09.000000',0,0),('d001','2021-10-03 10:15:10.000000',0,0),('d001','2021-10-03 10:15:11.000000',0,0),('d001','2021-10-03 10:15:12.000000',0,0),('d001','2021-10-03 10:15:13.000000',0,0),('d001','2021-10-03 10:15:14.000000',0,0),('d001','2021-10-03 10:15:15.000000',0,0),('d001','2021-10-03 10:15:16.000000',0,0),('d001','2021-10-03 10:15:17.000000',0,0),('d001','2021-10-03 10:15:18.000000',0,0),('d001','2021-10-03 10:15:19.000000',0,0),('d001','2021-10-03 10:15:20.000000',0,0),('d001','2021-10-03 10:15:21.000000',0,0),('d001','2021-10-03 10:15:22.000000',0,0),('d001','2021-10-03 10:15:23.000000',0,0),('d001','2021-10-03 10:15:24.000000',0,0),('d001','2021-10-03 10:15:25.000000',0,0),('d001','2021-10-03 10:15:26.000000',0,0),('d001','2021-10-03 10:15:27.000000',0,0),('d001','2021-10-03 10:15:28.000000',0,0),('d001','2021-10-03 10:15:29.000000',0,0),('d001','2021-10-03 10:15:30.000000',0,0),('d001','2021-10-03 10:15:31.000000',0,0),('d001','2021-10-03 10:15:32.000000',0,0),('d001','2021-10-03 10:15:33.000000',0,0),('d001','2021-10-03 10:15:34.000000',0,0),('d001','2021-10-03 10:15:35.000000',0,0),('d001','2021-10-03 10:15:36.000000',0,0),('d001','2021-10-03 10:15:37.000000',0,0),('d001','2021-10-03 10:15:38.000000',0,0),('d001','2021-10-03 10:15:39.000000',0,0),('d001','2021-10-03 10:15:40.000000',0,0),('d001','2021-10-03 10:15:41.000000',0,0),('d001','2021-10-03 10:15:42.000000',0,0),('d001','2021-10-03 10:15:43.000000',0,0),('d001','2021-10-03 10:15:44.000000',0,0),('d001','2021-10-03 10:15:45.000000',0,0),('d001','2021-10-03 10:15:46.000000',0,0),('d001','2021-10-03 10:15:47.000000',0,0),('d001','2021-10-03 10:15:48.000000',0,0),('d001','2021-10-03 10:15:49.000000',0,0),('d001','2021-10-03 10:15:50.000000',0,0),('d001','2021-10-03 10:15:51.000000',0,0),('d001','2021-10-03 10:15:52.000000',0,0),('d001','2021-10-03 10:15:53.000000',0,0),('d001','2021-10-03 10:15:54.000000',0,0),('d001','2021-10-03 10:15:55.000000',0,0),('d001','2021-10-03 10:15:56.000000',0,0),('d001','2021-10-03 10:15:57.000000',0,0),('d001','2021-10-03 10:15:58.000000',0,0),('d001','2021-10-03 10:15:59.000000',0,0),('d001','2021-10-03 10:16:00.000000',0,0),('d001','2021-10-03 10:16:01.000000',0,0),('d001','2021-10-03 10:16:02.000000',0,0),('d001','2021-10-03 10:16:03.000000',0,0),('d001','2021-10-03 10:16:04.000000',0,0),('d001','2021-10-03 10:16:05.000000',0,0),('d001','2021-10-03 10:16:06.000000',0,0),('d001','2021-10-03 10:16:07.000000',0,0),('d001','2021-10-03 10:16:08.000000',0,0),('d001','2021-10-03 10:16:09.000000',0,0),('d001','2021-10-03 10:16:10.000000',0,0),('d001','2021-10-03 10:16:11.000000',0,0),('d001','2021-10-03 10:16:12.000000',0,0),('d001','2021-10-03 10:16:13.000000',0,0),('d001','2021-10-03 10:16:14.000000',0,0),('d001','2021-10-03 10:16:15.000000',0,0),('d001','2021-10-03 10:16:16.000000',0,0),('d001','2021-10-03 10:16:17.000000',0,0),('d001','2021-10-03 10:16:18.000000',0,0),('d001','2021-10-03 10:16:19.000000',0,0),('d001','2021-10-03 10:16:20.000000',0,0),('d001','2021-10-03 10:16:21.000000',0,0),('d001','2021-10-03 10:16:22.000000',0,0),('d001','2021-10-03 10:16:23.000000',0,0),('d001','2021-10-03 10:16:24.000000',0,0),('d001','2021-10-03 10:16:25.000000',0,0),('d001','2021-10-03 10:16:26.000000',0,0),('d001','2021-10-03 10:16:27.000000',0,0),('d001','2021-10-03 10:16:28.000000',0,0),('d001','2021-10-03 10:16:29.000000',0,0),('d001','2021-10-03 10:16:30.000000',0,0),('d001','2021-10-03 10:16:31.000000',0,0),('d001','2021-10-03 10:16:32.000000',0,0),('d001','2021-10-03 10:16:33.000000',0,0),('d001','2021-10-03 10:16:34.000000',0,0),('d001','2021-10-03 10:16:35.000000',0,0),('d001','2021-10-03 10:16:36.000000',0,0),('d001','2021-10-03 10:16:37.000000',0,0),('d001','2021-10-03 10:16:38.000000',0,0),('d001','2021-10-03 10:16:39.000000',0,0),('d001','2021-10-03 10:16:40.000000',0,0),('d001','2021-10-03 10:16:41.000000',0,0),('d001','2021-10-03 10:16:42.000000',0,0),('d001','2021-10-03 10:16:43.000000',0,0),('d001','2021-10-03 10:16:44.000000',0,0),('d001','2021-10-03 10:16:45.000000',0,0),('d001','2021-10-03 10:16:46.000000',0,0),('d001','2021-10-03 10:16:47.000000',0,0),('d001','2021-10-03 10:16:48.000000',0,0),('d001','2021-10-03 10:16:49.000000',0,0),('d001','2021-10-03 10:16:50.000000',0,0),('d001','2021-10-03 10:16:51.000000',0,0),('d001','2021-10-03 10:16:52.000000',0,0),('d001','2021-10-03 10:16:53.000000',0,0),('d001','2021-10-03 10:16:54.000000',0,0),('d001','2021-10-03 10:16:55.000000',0,0),('d001','2021-10-03 10:16:56.000000',0,0),('d001','2021-10-03 10:16:57.000000',0,0),('d001','2021-10-03 10:16:58.000000',0,0),('d001','2021-10-03 10:16:59.000000',0,0),('d001','2021-10-03 10:17:00.000000',0,0),('d001','2021-10-03 10:17:01.000000',0,0),('d001','2021-10-03 10:17:02.000000',0,0),('d001','2021-10-03 10:17:03.000000',0,0),('d001','2021-10-03 10:17:04.000000',0,0),('d001','2021-10-03 10:17:05.000000',0,0),('d001','2021-10-03 10:17:06.000000',0,0),('d001','2021-10-03 10:17:07.000000',0,0),('d001','2021-10-03 10:17:08.000000',0,0),('d001','2021-10-03 10:17:09.000000',0,0),('d001','2021-10-03 10:17:10.000000',0,0),('d001','2021-10-03 10:17:11.000000',0,0),('d001','2021-10-03 10:17:12.000000',0,0),('d001','2021-10-03 10:17:13.000000',0,0),('d001','2021-10-03 10:17:14.000000',0,0),('d001','2021-10-03 10:17:15.000000',0,0),('d001','2021-10-03 10:17:16.000000',0,0),('d001','2021-10-03 10:17:17.000000',0,0),('d001','2021-10-03 10:17:18.000000',0,0),('d001','2021-10-03 10:17:19.000000',0,0),('d001','2021-10-03 10:17:20.000000',0,0),('d001','2021-10-03 10:17:21.000000',0,0),('d001','2021-10-03 10:17:22.000000',0,0),('d001','2021-10-03 10:17:23.000000',0,0),('d001','2021-10-03 10:17:24.000000',0,0),('d001','2021-10-03 10:17:25.000000',0,0),('d001','2021-10-03 10:17:26.000000',0,0),('d001','2021-10-03 10:17:27.000000',0,0),('d001','2021-10-03 10:17:28.000000',0,0),('d001','2021-10-03 10:17:29.000000',0,0),('d001','2021-10-03 10:17:30.000000',0,0),('d001','2021-10-03 10:17:31.000000',0,0),('d001','2021-10-03 10:17:32.000000',0,0),('d001','2021-10-03 10:17:33.000000',0,0),('d001','2021-10-03 10:17:34.000000',0,0),('d001','2021-10-03 10:17:35.000000',0,0),('d001','2021-10-03 10:17:36.000000',0,0),('d001','2021-10-03 10:17:37.000000',0,0),('d001','2021-10-03 10:17:38.000000',0,0),('d001','2021-10-03 10:17:39.000000',0,0),('d001','2021-10-03 10:17:40.000000',0,0),('d001','2021-10-03 10:17:41.000000',0,0),('d001','2021-10-03 10:17:42.000000',0,0),('d001','2021-10-03 10:17:43.000000',0,0),('d001','2021-10-03 10:17:44.000000',0,0),('d001','2021-10-03 10:17:45.000000',0,0),('d001','2021-10-03 10:17:46.000000',0,0),('d001','2021-10-03 10:17:47.000000',0,0),('d001','2021-10-03 10:17:48.000000',0,0),('d001','2021-10-03 10:17:49.000000',0,0),('d001','2021-10-03 10:17:50.000000',0,0),('d001','2021-10-03 10:17:51.000000',0,0),('d001','2021-10-03 10:17:52.000000',0,0),('d001','2021-10-03 10:17:53.000000',0,0),('d001','2021-10-03 10:17:54.000000',0,0),('d001','2021-10-03 10:17:55.000000',0,0),('d001','2021-10-03 10:17:56.000000',0,0),('d001','2021-10-03 10:17:57.000000',0,0),('d001','2021-10-03 10:17:58.000000',0,0),('d001','2021-10-03 10:17:59.000000',0,0),('d001','2021-10-03 10:18:00.000000',0,0),('d001','2021-10-03 10:18:01.000000',0,0),('d001','2021-10-03 10:18:02.000000',0,0),('d001','2021-10-03 10:18:03.000000',0,0),('d001','2021-10-03 10:18:04.000000',0,0),('d001','2021-10-03 10:18:05.000000',0,0),('d001','2021-10-03 10:18:06.000000',0,0),('d001','2021-10-03 10:18:07.000000',0,0),('d001','2021-10-03 10:18:08.000000',0,0),('d001','2021-10-03 10:18:09.000000',0,0),('d001','2021-10-03 10:18:10.000000',0,0),('d001','2021-10-03 10:18:11.000000',0,0),('d001','2021-10-03 10:18:12.000000',0,0),('d001','2021-10-03 10:18:13.000000',0,0),('d001','2021-10-03 10:18:14.000000',0,0),('d001','2021-10-03 10:18:15.000000',0,0),('d001','2021-10-03 10:18:16.000000',0,0),('d001','2021-10-03 10:18:17.000000',0,0),('d001','2021-10-03 10:18:18.000000',0,0),('d001','2021-10-03 10:18:19.000000',0,0),('d001','2021-10-03 10:18:20.000000',0,0),('d001','2021-10-03 10:18:21.000000',0,0),('d001','2021-10-03 10:18:22.000000',0,0),('d001','2021-10-03 10:18:23.000000',0,0),('d001','2021-10-03 10:18:24.000000',0,0),('d001','2021-10-03 10:18:25.000000',0,0),('d001','2021-10-03 10:18:26.000000',0,0),('d001','2021-10-03 10:18:27.000000',0,0),('d001','2021-10-03 10:18:28.000000',0,0),('d001','2021-10-03 10:18:29.000000',0,0),('d001','2021-10-03 10:18:30.000000',0,0),('d001','2021-10-03 10:18:31.000000',0,0),('d001','2021-10-03 10:18:32.000000',0,0),('d001','2021-10-03 10:18:33.000000',0,0),('d001','2021-10-03 10:18:34.000000',0,0),('d001','2021-10-03 10:18:35.000000',0,0),('d001','2021-10-03 10:18:36.000000',0,0),('d001','2021-10-03 10:18:37.000000',0,0),('d001','2021-10-03 10:18:38.000000',0,0),('d001','2021-10-03 10:18:39.000000',0,0),('d001','2021-10-03 10:18:40.000000',0,0),('d001','2021-10-03 10:18:41.000000',0,0),('d001','2021-10-03 10:18:42.000000',0,0),('d001','2021-10-03 10:18:43.000000',0,0),('d001','2021-10-03 10:18:44.000000',0,0),('d001','2021-10-03 10:18:45.000000',0,0),('d001','2021-10-03 10:18:46.000000',0,0),('d001','2021-10-03 10:18:47.000000',0,0),('d001','2021-10-03 10:18:48.000000',0,0),('d001','2021-10-03 10:18:49.000000',0,0),('d001','2021-10-03 10:18:50.000000',0,0),('d001','2021-10-03 10:18:51.000000',0,0),('d001','2021-10-03 10:18:52.000000',0,0),('d001','2021-10-03 10:18:53.000000',0,0),('d001','2021-10-03 10:18:54.000000',0,0),('d001','2021-10-03 10:18:55.000000',0,0),('d001','2021-10-03 10:18:56.000000',0,0),('d001','2021-10-03 10:18:57.000000',0,0),('d001','2021-10-03 10:18:58.000000',0,0),('d001','2021-10-03 10:18:59.000000',0,0),('d001','2021-10-03 10:19:00.000000',0,0),('d001','2021-10-03 10:19:01.000000',0,0),('d001','2021-10-03 10:19:02.000000',0,0),('d001','2021-10-03 10:19:03.000000',0,0),('d001','2021-10-03 10:19:04.000000',0,0),('d001','2021-10-03 10:19:05.000000',0,0),('d001','2021-10-03 10:19:06.000000',0,0),('d001','2021-10-03 10:19:07.000000',0,0),('d001','2021-10-03 10:19:08.000000',0,0),('d001','2021-10-03 10:19:09.000000',0,0),('d001','2021-10-03 10:19:10.000000',0,0),('d001','2021-10-03 10:19:11.000000',0,0),('d001','2021-10-03 10:19:12.000000',0,0),('d001','2021-10-03 10:19:13.000000',0,0),('d001','2021-10-03 10:19:14.000000',0,0),('d001','2021-10-03 10:19:15.000000',0,0),('d001','2021-10-03 10:19:16.000000',0,0),('d001','2021-10-03 10:19:17.000000',0,0),('d001','2021-10-03 10:19:18.000000',0,0),('d001','2021-10-03 10:19:19.000000',0,0),('d001','2021-10-03 10:19:20.000000',0,0),('d001','2021-10-03 10:19:21.000000',0,0),('d001','2021-10-03 10:19:22.000000',0,0),('d001','2021-10-03 10:19:23.000000',0,0),('d001','2021-10-03 10:19:24.000000',0,0),('d001','2021-10-03 10:19:25.000000',0,0),('d001','2021-10-03 10:19:26.000000',0,0),('d001','2021-10-03 10:19:27.000000',0,0),('d001','2021-10-03 10:19:28.000000',0,0),('d001','2021-10-03 10:19:29.000000',0,0),('d001','2021-10-03 10:19:30.000000',0,0),('d001','2021-10-03 10:19:31.000000',0,0),('d001','2021-10-03 10:19:32.000000',0,0),('d001','2021-10-03 10:19:33.000000',0,0),('d001','2021-10-03 10:19:34.000000',0,0),('d001','2021-10-03 10:19:35.000000',0,0),('d001','2021-10-03 10:19:36.000000',0,0),('d001','2021-10-03 10:19:37.000000',0,0),('d001','2021-10-03 10:19:38.000000',0,0),('d001','2021-10-03 10:19:39.000000',0,0),('d001','2021-10-03 10:19:40.000000',0,0),('d001','2021-10-03 10:19:41.000000',0,0),('d001','2021-10-03 10:19:42.000000',0,0),('d001','2021-10-03 10:19:43.000000',0,0),('d001','2021-10-03 10:19:44.000000',0,0),('d001','2021-10-03 10:19:45.000000',0,0),('d001','2021-10-03 10:19:46.000000',0,0),('d001','2021-10-03 10:19:47.000000',0,0),('d001','2021-10-03 10:19:48.000000',0,0),('d001','2021-10-03 10:19:49.000000',0,0),('d001','2021-10-03 10:19:50.000000',0,0),('d001','2021-10-03 10:19:51.000000',0,0),('d001','2021-10-03 10:19:52.000000',0,0),('d001','2021-10-03 10:19:53.000000',0,0),('d001','2021-10-03 10:19:54.000000',0,0),('d001','2021-10-03 10:19:55.000000',0,0),('d001','2021-10-03 10:19:56.000000',0,0),('d001','2021-10-03 10:19:57.000000',0,0),('d001','2021-10-03 10:19:58.000000',0,0),('d001','2021-10-03 10:19:59.000000',0,0),('d001','2021-10-03 10:20:00.000000',0,0),('d001','2021-10-03 10:20:01.000000',0,0),('d001','2021-10-03 10:20:02.000000',0,0),('d001','2021-10-03 10:20:03.000000',0,0),('d001','2021-10-03 10:20:04.000000',0,0),('d001','2021-10-03 10:20:05.000000',0,0),('d001','2021-10-03 10:20:06.000000',0,0),('d001','2021-10-03 10:20:07.000000',0,0),('d001','2021-10-03 10:20:08.000000',0,0),('d001','2021-10-03 10:20:09.000000',0,0),('d001','2021-10-03 10:20:10.000000',0,0),('d001','2021-10-03 10:20:11.000000',0,0),('d001','2021-10-03 10:20:12.000000',0,0),('d001','2021-10-03 10:20:13.000000',0,0),('d001','2021-10-03 10:20:14.000000',0,0),('d001','2021-10-03 10:20:15.000000',0,0),('d001','2021-10-03 10:20:16.000000',0,0),('d001','2021-10-03 10:20:17.000000',0,0),('d001','2021-10-03 10:20:18.000000',0,0),('d001','2021-10-03 10:20:19.000000',0,0),('d001','2021-10-03 10:20:20.000000',0,0),('d001','2021-10-03 10:20:21.000000',0,0),('d001','2021-10-03 10:20:22.000000',0,0),('d001','2021-10-03 10:20:23.000000',0,0),('d001','2021-10-03 10:20:24.000000',0,0),('d001','2021-10-03 10:20:25.000000',0,0),('d001','2021-10-03 10:20:26.000000',0,0),('d001','2021-10-03 10:20:27.000000',0,0),('d001','2021-10-03 10:20:28.000000',0,0),('d001','2021-10-03 10:20:29.000000',0,0),('d001','2021-10-03 10:20:30.000000',0,0),('d001','2021-10-03 10:20:31.000000',0,0),('d001','2021-10-03 10:20:32.000000',0,0),('d001','2021-10-03 10:20:33.000000',0,0),('d001','2021-10-03 10:20:34.000000',0,0),('d001','2021-10-03 10:20:35.000000',0,0),('d001','2021-10-03 10:20:36.000000',0,0),('d001','2021-10-03 10:20:37.000000',0,0);
/*!40000 ALTER TABLE `door` ENABLE KEYS */;
UNLOCK TABLES;

--
-- Table structure for table `family`
--

DROP TABLE IF EXISTS `family`;
/*!40101 SET @saved_cs_client     = @@character_set_client */;
/*!50503 SET character_set_client = utf8mb4 */;
CREATE TABLE `family` (
  `f_家庭号` varchar(45) NOT NULL,
  `f_房密码` varchar(45) NOT NULL,
  `f_省份` varchar(45) NOT NULL,
  `f_isDeleted` int NOT NULL,
  PRIMARY KEY (`f_家庭号`)
) ENGINE=InnoDB DEFAULT CHARSET=utf8mb3;
/*!40101 SET character_set_client = @saved_cs_client */;

--
-- Dumping data for table `family`
--

LOCK TABLES `family` WRITE;
/*!40000 ALTER TABLE `family` DISABLE KEYS */;
INSERT INTO `family` VALUES ('f001','458d7a630d20bb784327a0e081be2797','Anhui',0),('f002','3928632dbf593ff885cb05c262d652ed','Fujian',0),('f003','d7fbab2c6df3be7ad763b631726f163a','Gansu',0),('f004','Jpa5q','Guangdong',0),('f005','4abe1afe0c0ee02293363694d74ac7aa','Guangxi',0),('f006','ca3e5175a93de9c14e2580e250adc468','Guizhou',0),('f007','9d0a678e2edb7eb6f968f11cd5fc3e9d','Hainan',0),('f008','4572605c1473e75d352fee33e2e5b81e','Hebei',0),('f009','7d944db2fc9ba704350afab8ab44c690','Heilongjiang',0),('f010','60be31ad2cea8b9a9e001d19482cf4f5','Henan',0),('f011','0c7aa4859eaabfe4eb8664057204aaf9','Hubei',0),('f012','9a5fe63d45a680796bc07cf14ac9f3e9','Hunan',0),('f013','bfe9be5adc4dd7c4fd21079be796dfce','Inner Mongolia',0),('f014','217df75f4b0c24b7e49f4b42c93f1ef1','Jiangsu',0),('f015','693f0f24bf9665bee8c87b02a12ff964','Jiangxi',0),('f016','796dce651d0e73c0a0f27378f9a7844f','Jilin',0),('f017','647f570fce9b722c89fea021ada32c2f','Liaoning',0),('f018','6adf3a7cc8363bab641f56c33a6bac17','Ningxia',0),('f019','10d928d53c0a79908bc78176099edd07','Qinghai',0),('f020','b36a6a2e19573e121acc9de94571341c','Shaanxi',0),('f021','65362609a7a2748ddd6682a16004c23e','Shandong',0),('f022','0ff32bcea022fa02d6abdabf3660d1bf','Shanxi',0),('f023','df818b06b3174b3faea3f3976daa166a','Sichuan',0),('f024','a1d2542ee83a8616cf0b20d14780f4f4','Taiwan',0),('f025','c9376a00bec86a0cd9fcbd7b9fc2940d','Tibet',0),('f026','71055fa132744783c5905c414ec0082f','Xinjiang',0),('f027','4bf8cd850b2b5823da687155ff0f5fad','Yunnan',0),('f028','1acb277f6a569c4ee8fca77379f117ae','Zhejiang',0),('f029','f9a44d2cdff7edafc00af7b1a4793b2b','Beijing',0),('f030','3e4a74d5983b62cfa3920a7d3d6ddd4f','Sichuan',0),('f031','202cb962ac59075b964b07152d234b70','Shanxi',0),('f032','s8cOX','Liaoning',0),('f033','b706835de79a2b4e80506f582af3676a','Hong Kong',0),('f034','698d51a19d8a121ce581499d7b701668','Taiwan',0);
/*!40000 ALTER TABLE `family` ENABLE KEYS */;
UNLOCK TABLES;

--
-- Table structure for table `light`
--

DROP TABLE IF EXISTS `light`;
/*!40101 SET @saved_cs_client     = @@character_set_client */;
/*!50503 SET character_set_client = utf8mb4 */;
CREATE TABLE `light` (
  `l_设备号` varchar(45) NOT NULL,
  `l_时间` datetime(6) NOT NULL,
  `l_灯光` int NOT NULL,
  `l_isDeleted` int NOT NULL,
  PRIMARY KEY (`l_设备号`,`l_时间`),
  CONSTRAINT `l_deviceId` FOREIGN KEY (`l_设备号`) REFERENCES `device` (`d_设备号`)
) ENGINE=InnoDB DEFAULT CHARSET=utf8mb3;
/*!40101 SET character_set_client = @saved_cs_client */;

--
-- Dumping data for table `light`
--

LOCK TABLES `light` WRITE;
/*!40000 ALTER TABLE `light` DISABLE KEYS */;
INSERT INTO `light` VALUES ('d001','2021-10-03 09:59:00.000000',447,0),('d002','2021-10-03 09:59:01.000000',447,0),('d001','2021-10-03 09:59:02.000000',447,0),('d001','2021-10-03 09:59:03.000000',447,0),('d001','2021-10-03 09:59:04.000000',447,0),('d001','2021-10-03 09:59:05.000000',447,0),('d001','2021-10-03 09:59:06.000000',447,0),('d001','2021-10-03 09:59:07.000000',447,0),('d001','2021-10-03 09:59:08.000000',447,0),('d001','2021-10-03 09:59:09.000000',447,0),('d001','2021-10-03 09:59:10.000000',447,0),('d001','2021-10-03 09:59:11.000000',447,0),('d001','2021-10-03 09:59:12.000000',447,0),('d001','2021-10-03 09:59:13.000000',446,0),('d001','2021-10-03 09:59:14.000000',447,0),('d001','2021-10-03 09:59:15.000000',446,0),('d001','2021-10-03 09:59:16.000000',447,0),('d001','2021-10-03 09:59:17.000000',447,0),('d001','2021-10-03 09:59:18.000000',447,0),('d001','2021-10-03 09:59:19.000000',446,0),('d001','2021-10-03 09:59:20.000000',446,0),('d001','2021-10-03 09:59:21.000000',446,0),('d001','2021-10-03 09:59:22.000000',446,0),('d001','2021-10-03 09:59:23.000000',446,0),('d001','2021-10-03 09:59:24.000000',447,0),('d001','2021-10-03 09:59:25.000000',446,0),('d001','2021-10-03 09:59:26.000000',446,0),('d001','2021-10-03 09:59:27.000000',446,0),('d001','2021-10-03 09:59:28.000000',447,0),('d001','2021-10-03 09:59:29.000000',446,0),('d001','2021-10-03 09:59:30.000000',446,0),('d001','2021-10-03 09:59:31.000000',446,0),('d001','2021-10-03 09:59:32.000000',446,0),('d001','2021-10-03 09:59:33.000000',446,0),('d001','2021-10-03 09:59:34.000000',446,0),('d001','2021-10-03 09:59:35.000000',446,0),('d001','2021-10-03 09:59:36.000000',446,0),('d001','2021-10-03 09:59:37.000000',446,0),('d001','2021-10-03 09:59:38.000000',446,0),('d001','2021-10-03 09:59:39.000000',446,0),('d001','2021-10-03 09:59:40.000000',446,0),('d001','2021-10-03 09:59:41.000000',446,0),('d001','2021-10-03 09:59:42.000000',446,0),('d001','2021-10-03 09:59:43.000000',447,0),('d001','2021-10-03 09:59:44.000000',446,0),('d001','2021-10-03 09:59:45.000000',446,0),('d001','2021-10-03 09:59:46.000000',446,0),('d001','2021-10-03 09:59:47.000000',446,0),('d001','2021-10-03 09:59:48.000000',446,0),('d001','2021-10-03 09:59:49.000000',446,0),('d001','2021-10-03 09:59:50.000000',446,0),('d001','2021-10-03 09:59:51.000000',446,0),('d001','2021-10-03 09:59:52.000000',446,0),('d001','2021-10-03 09:59:53.000000',446,0),('d001','2021-10-03 09:59:54.000000',446,0),('d001','2021-10-03 09:59:55.000000',447,0),('d001','2021-10-03 09:59:56.000000',446,0),('d001','2021-10-03 09:59:57.000000',447,0),('d001','2021-10-03 09:59:58.000000',446,0),('d001','2021-10-03 09:59:59.000000',446,0),('d001','2021-10-03 10:00:00.000000',446,0),('d001','2021-10-03 10:00:01.000000',447,0),('d001','2021-10-03 10:00:02.000000',446,0),('d001','2021-10-03 10:00:03.000000',446,0),('d001','2021-10-03 10:00:04.000000',446,0),('d001','2021-10-03 10:00:05.000000',446,0),('d001','2021-10-03 10:00:06.000000',446,0),('d001','2021-10-03 10:00:07.000000',447,0),('d001','2021-10-03 10:00:08.000000',446,0),('d001','2021-10-03 10:00:09.000000',447,0),('d001','2021-10-03 10:00:10.000000',446,0),('d001','2021-10-03 10:00:11.000000',446,0),('d001','2021-10-03 10:00:12.000000',446,0),('d001','2021-10-03 10:00:13.000000',446,0),('d001','2021-10-03 10:00:14.000000',446,0),('d001','2021-10-03 10:00:15.000000',446,0),('d001','2021-10-03 10:00:16.000000',446,0),('d001','2021-10-03 10:00:17.000000',446,0),('d001','2021-10-03 10:00:18.000000',446,0),('d001','2021-10-03 10:00:19.000000',446,0),('d001','2021-10-03 10:00:20.000000',446,0),('d001','2021-10-03 10:00:21.000000',446,0),('d001','2021-10-03 10:00:22.000000',446,0),('d001','2021-10-03 10:00:23.000000',446,0),('d001','2021-10-03 10:00:24.000000',446,0),('d001','2021-10-03 10:00:25.000000',446,0),('d001','2021-10-03 10:00:26.000000',446,0),('d001','2021-10-03 10:00:27.000000',446,0),('d001','2021-10-03 10:00:28.000000',446,0),('d001','2021-10-03 10:00:29.000000',446,0),('d001','2021-10-03 10:00:30.000000',446,0),('d001','2021-10-03 10:00:31.000000',446,0),('d001','2021-10-03 10:00:32.000000',446,0),('d001','2021-10-03 10:00:33.000000',446,0),('d001','2021-10-03 10:00:34.000000',446,0),('d001','2021-10-03 10:00:35.000000',446,0),('d001','2021-10-03 10:00:36.000000',446,0),('d001','2021-10-03 10:00:37.000000',446,0),('d001','2021-10-03 10:00:38.000000',446,0),('d001','2021-10-03 10:00:39.000000',446,0),('d001','2021-10-03 10:00:40.000000',446,0),('d001','2021-10-03 10:00:41.000000',446,0),('d001','2021-10-03 10:00:42.000000',446,0),('d001','2021-10-03 10:00:43.000000',446,0),('d001','2021-10-03 10:00:44.000000',446,0),('d001','2021-10-03 10:00:45.000000',446,0),('d001','2021-10-03 10:00:46.000000',446,0),('d001','2021-10-03 10:00:47.000000',446,0),('d001','2021-10-03 10:00:48.000000',446,0),('d001','2021-10-03 10:00:49.000000',446,0),('d001','2021-10-03 10:00:50.000000',446,0),('d001','2021-10-03 10:00:51.000000',445,0),('d001','2021-10-03 10:00:52.000000',446,0),('d001','2021-10-03 10:00:53.000000',446,0),('d001','2021-10-03 10:00:54.000000',446,0),('d001','2021-10-03 10:00:55.000000',446,0),('d001','2021-10-03 10:00:56.000000',446,0),('d001','2021-10-03 10:00:57.000000',446,0),('d001','2021-10-03 10:00:58.000000',446,0),('d001','2021-10-03 10:00:59.000000',446,0),('d001','2021-10-03 10:01:00.000000',446,0),('d001','2021-10-03 10:01:01.000000',448,0),('d001','2021-10-03 10:01:02.000000',446,0),('d001','2021-10-03 10:01:03.000000',446,0),('d001','2021-10-03 10:01:04.000000',446,0),('d001','2021-10-03 10:01:05.000000',446,0),('d001','2021-10-03 10:01:06.000000',446,0),('d001','2021-10-03 10:01:07.000000',446,0),('d001','2021-10-03 10:01:08.000000',446,0),('d001','2021-10-03 10:01:09.000000',446,0),('d001','2021-10-03 10:01:10.000000',446,0),('d001','2021-10-03 10:01:11.000000',446,0),('d001','2021-10-03 10:01:12.000000',446,0),('d001','2021-10-03 10:01:13.000000',446,0),('d001','2021-10-03 10:01:14.000000',446,0),('d001','2021-10-03 10:01:15.000000',446,0),('d001','2021-10-03 10:01:16.000000',446,0),('d001','2021-10-03 10:01:17.000000',446,0),('d001','2021-10-03 10:01:18.000000',446,0),('d001','2021-10-03 10:01:19.000000',446,0),('d001','2021-10-03 10:01:20.000000',446,0),('d001','2021-10-03 10:01:21.000000',446,0),('d001','2021-10-03 10:01:22.000000',446,0),('d001','2021-10-03 10:01:23.000000',446,0),('d001','2021-10-03 10:01:24.000000',446,0),('d001','2021-10-03 10:01:25.000000',446,0),('d001','2021-10-03 10:01:26.000000',446,0),('d001','2021-10-03 10:01:27.000000',446,0),('d001','2021-10-03 10:01:28.000000',446,0),('d001','2021-10-03 10:01:29.000000',446,0),('d001','2021-10-03 10:01:30.000000',446,0),('d001','2021-10-03 10:01:31.000000',446,0),('d001','2021-10-03 10:01:32.000000',446,0),('d001','2021-10-03 10:01:33.000000',446,0),('d001','2021-10-03 10:01:34.000000',446,0),('d001','2021-10-03 10:01:35.000000',446,0),('d001','2021-10-03 10:01:36.000000',446,0),('d001','2021-10-03 10:01:37.000000',446,0),('d001','2021-10-03 10:01:38.000000',446,0),('d001','2021-10-03 10:01:39.000000',446,0),('d001','2021-10-03 10:01:40.000000',446,0),('d001','2021-10-03 10:01:41.000000',446,0),('d001','2021-10-03 10:01:42.000000',446,0),('d001','2021-10-03 10:01:43.000000',446,0),('d001','2021-10-03 10:01:44.000000',446,0),('d001','2021-10-03 10:01:45.000000',446,0),('d001','2021-10-03 10:01:46.000000',446,0),('d001','2021-10-03 10:01:47.000000',446,0),('d001','2021-10-03 10:01:48.000000',446,0),('d001','2021-10-03 10:01:49.000000',446,0),('d001','2021-10-03 10:01:50.000000',446,0),('d001','2021-10-03 10:01:51.000000',445,0),('d001','2021-10-03 10:01:52.000000',446,0),('d001','2021-10-03 10:01:53.000000',446,0),('d001','2021-10-03 10:01:54.000000',446,0),('d001','2021-10-03 10:01:55.000000',446,0),('d001','2021-10-03 10:01:56.000000',447,0),('d001','2021-10-03 10:01:57.000000',444,0),('d001','2021-10-03 10:01:58.000000',436,0),('d001','2021-10-03 10:01:59.000000',443,0),('d001','2021-10-03 10:02:00.000000',448,0),('d001','2021-10-03 10:02:01.000000',680,0),('d001','2021-10-03 10:02:02.000000',659,0),('d001','2021-10-03 10:02:03.000000',641,0),('d001','2021-10-03 10:02:04.000000',648,0),('d001','2021-10-03 10:02:05.000000',559,0),('d001','2021-10-03 10:02:06.000000',563,0),('d001','2021-10-03 10:02:07.000000',561,0),('d001','2021-10-03 10:02:08.000000',595,0),('d001','2021-10-03 10:02:09.000000',624,0),('d001','2021-10-03 10:02:10.000000',623,0),('d001','2021-10-03 10:02:11.000000',623,0),('d001','2021-10-03 10:02:12.000000',613,0),('d001','2021-10-03 10:02:13.000000',597,0),('d001','2021-10-03 10:02:14.000000',623,0),('d001','2021-10-03 10:02:15.000000',635,0),('d001','2021-10-03 10:02:16.000000',651,0),('d001','2021-10-03 10:02:17.000000',695,0),('d001','2021-10-03 10:02:18.000000',718,0),('d001','2021-10-03 10:02:19.000000',751,0),('d001','2021-10-03 10:02:20.000000',764,0),('d001','2021-10-03 10:02:21.000000',762,0),('d001','2021-10-03 10:02:22.000000',757,0),('d001','2021-10-03 10:02:23.000000',759,0),('d001','2021-10-03 10:02:24.000000',760,0),('d001','2021-10-03 10:02:25.000000',746,0),('d001','2021-10-03 10:02:26.000000',712,0),('d001','2021-10-03 10:02:27.000000',707,0),('d001','2021-10-03 10:02:28.000000',707,0),('d001','2021-10-03 10:02:29.000000',708,0),('d001','2021-10-03 10:02:30.000000',708,0),('d001','2021-10-03 10:02:31.000000',709,0),('d001','2021-10-03 10:02:32.000000',709,0),('d001','2021-10-03 10:02:33.000000',711,0),('d001','2021-10-03 10:02:34.000000',710,0),('d001','2021-10-03 10:02:35.000000',711,0),('d001','2021-10-03 10:02:36.000000',711,0),('d001','2021-10-03 10:02:37.000000',712,0),('d001','2021-10-03 10:02:38.000000',708,0),('d001','2021-10-03 10:02:39.000000',696,0),('d001','2021-10-03 10:02:40.000000',706,0),('d001','2021-10-03 10:02:41.000000',680,0),('d001','2021-10-03 10:02:42.000000',681,0),('d001','2021-10-03 10:02:43.000000',682,0),('d001','2021-10-03 10:02:44.000000',670,0),('d001','2021-10-03 10:02:45.000000',661,0),('d001','2021-10-03 10:02:46.000000',656,0),('d001','2021-10-03 10:02:47.000000',655,0),('d001','2021-10-03 10:02:48.000000',662,0),('d001','2021-10-03 10:02:49.000000',662,0),('d001','2021-10-03 10:02:50.000000',698,0),('d001','2021-10-03 10:02:51.000000',699,0),('d001','2021-10-03 10:02:52.000000',699,0),('d001','2021-10-03 10:02:53.000000',699,0),('d001','2021-10-03 10:02:54.000000',698,0),('d001','2021-10-03 10:02:55.000000',663,0),('d001','2021-10-03 10:02:56.000000',619,0),('d001','2021-10-03 10:02:57.000000',597,0),('d001','2021-10-03 10:02:58.000000',639,0),('d001','2021-10-03 10:02:59.000000',504,0),('d001','2021-10-03 10:03:00.000000',571,0),('d001','2021-10-03 10:03:01.000000',605,0),('d001','2021-10-03 10:03:02.000000',598,0),('d001','2021-10-03 10:03:03.000000',661,0),('d001','2021-10-03 10:03:04.000000',687,0),('d001','2021-10-03 10:03:05.000000',681,0),('d001','2021-10-03 10:03:06.000000',680,0),('d001','2021-10-03 10:03:07.000000',683,0),('d001','2021-10-03 10:03:08.000000',684,0),('d001','2021-10-03 10:03:09.000000',685,0),('d001','2021-10-03 10:03:10.000000',685,0),('d001','2021-10-03 10:03:11.000000',686,0),('d001','2021-10-03 10:03:12.000000',686,0),('d001','2021-10-03 10:03:13.000000',686,0),('d001','2021-10-03 10:03:14.000000',687,0),('d001','2021-10-03 10:03:15.000000',686,0),('d001','2021-10-03 10:03:16.000000',687,0),('d001','2021-10-03 10:03:17.000000',688,0),('d001','2021-10-03 10:03:18.000000',688,0),('d001','2021-10-03 10:03:19.000000',688,0),('d001','2021-10-03 10:03:20.000000',688,0),('d001','2021-10-03 10:03:21.000000',689,0),('d001','2021-10-03 10:03:22.000000',688,0),('d001','2021-10-03 10:03:23.000000',688,0),('d001','2021-10-03 10:03:24.000000',689,0),('d001','2021-10-03 10:03:25.000000',689,0),('d001','2021-10-03 10:03:26.000000',689,0),('d001','2021-10-03 10:03:27.000000',690,0),('d001','2021-10-03 10:03:28.000000',688,0),('d001','2021-10-03 10:03:29.000000',688,0),('d001','2021-10-03 10:03:30.000000',688,0),('d001','2021-10-03 10:03:31.000000',689,0),('d001','2021-10-03 10:03:32.000000',689,0),('d001','2021-10-03 10:03:33.000000',689,0),('d001','2021-10-03 10:03:34.000000',690,0),('d001','2021-10-03 10:03:35.000000',690,0),('d001','2021-10-03 10:03:36.000000',690,0),('d001','2021-10-03 10:03:37.000000',690,0),('d001','2021-10-03 10:03:38.000000',692,0),('d001','2021-10-03 10:03:39.000000',692,0),('d001','2021-10-03 10:03:40.000000',694,0),('d001','2021-10-03 10:03:41.000000',690,0),('d001','2021-10-03 10:03:42.000000',687,0),('d001','2021-10-03 10:03:43.000000',663,0),('d001','2021-10-03 10:03:44.000000',627,0),('d001','2021-10-03 10:03:45.000000',699,0),('d001','2021-10-03 10:03:46.000000',699,0),('d001','2021-10-03 10:03:47.000000',698,0),('d001','2021-10-03 10:03:48.000000',698,0),('d001','2021-10-03 10:03:49.000000',699,0),('d001','2021-10-03 10:03:50.000000',702,0),('d001','2021-10-03 10:03:51.000000',698,0),('d001','2021-10-03 10:03:52.000000',699,0),('d001','2021-10-03 10:03:53.000000',698,0),('d001','2021-10-03 10:03:54.000000',699,0),('d001','2021-10-03 10:03:55.000000',699,0),('d001','2021-10-03 10:03:56.000000',699,0),('d001','2021-10-03 10:03:57.000000',699,0),('d001','2021-10-03 10:03:58.000000',699,0),('d001','2021-10-03 10:03:59.000000',699,0),('d001','2021-10-03 10:04:00.000000',699,0),('d001','2021-10-03 10:04:01.000000',699,0),('d001','2021-10-03 10:04:02.000000',700,0),('d001','2021-10-03 10:04:03.000000',700,0),('d001','2021-10-03 10:04:04.000000',698,0),('d001','2021-10-03 10:04:05.000000',700,0),('d001','2021-10-03 10:04:06.000000',699,0),('d001','2021-10-03 10:04:07.000000',697,0),('d001','2021-10-03 10:04:08.000000',720,0),('d001','2021-10-03 10:04:09.000000',755,0),('d001','2021-10-03 10:04:10.000000',746,0),('d001','2021-10-03 10:04:11.000000',726,0),('d001','2021-10-03 10:04:12.000000',774,0),('d001','2021-10-03 10:04:13.000000',789,0),('d001','2021-10-03 10:04:14.000000',819,0),('d001','2021-10-03 10:04:15.000000',775,0),('d001','2021-10-03 10:04:16.000000',785,0),('d001','2021-10-03 10:04:17.000000',772,0),('d001','2021-10-03 10:04:18.000000',776,0),('d001','2021-10-03 10:04:19.000000',778,0),('d001','2021-10-03 10:04:20.000000',783,0),('d001','2021-10-03 10:04:21.000000',782,0),('d001','2021-10-03 10:04:22.000000',779,0),('d001','2021-10-03 10:04:23.000000',813,0),('d001','2021-10-03 10:04:24.000000',812,0),('d001','2021-10-03 10:04:25.000000',812,0),('d001','2021-10-03 10:04:26.000000',809,0),('d001','2021-10-03 10:04:27.000000',809,0),('d001','2021-10-03 10:04:28.000000',806,0),('d001','2021-10-03 10:04:29.000000',806,0),('d001','2021-10-03 10:04:30.000000',806,0),('d001','2021-10-03 10:04:31.000000',806,0),('d001','2021-10-03 10:04:32.000000',808,0),('d001','2021-10-03 10:04:33.000000',806,0),('d001','2021-10-03 10:04:34.000000',805,0),('d001','2021-10-03 10:04:35.000000',805,0),('d001','2021-10-03 10:04:36.000000',805,0),('d001','2021-10-03 10:04:37.000000',805,0),('d001','2021-10-03 10:04:38.000000',804,0),('d001','2021-10-03 10:04:39.000000',802,0),('d001','2021-10-03 10:04:40.000000',804,0),('d001','2021-10-03 10:04:41.000000',804,0),('d001','2021-10-03 10:04:42.000000',804,0),('d001','2021-10-03 10:04:43.000000',805,0),('d001','2021-10-03 10:04:44.000000',804,0),('d001','2021-10-03 10:04:45.000000',805,0),('d001','2021-10-03 10:04:46.000000',804,0),('d001','2021-10-03 10:04:47.000000',805,0),('d001','2021-10-03 10:04:48.000000',802,0),('d001','2021-10-03 10:04:49.000000',797,0),('d001','2021-10-03 10:04:50.000000',796,0),('d001','2021-10-03 10:04:51.000000',792,0),('d001','2021-10-03 10:04:52.000000',761,0),('d001','2021-10-03 10:04:53.000000',728,0),('d001','2021-10-03 10:04:54.000000',733,0),('d001','2021-10-03 10:04:55.000000',734,0),('d001','2021-10-03 10:04:56.000000',646,0),('d001','2021-10-03 10:04:57.000000',545,0),('d001','2021-10-03 10:04:58.000000',587,0),('d001','2021-10-03 10:04:59.000000',649,0),('d001','2021-10-03 10:05:00.000000',651,0),('d001','2021-10-03 10:05:01.000000',659,0),('d001','2021-10-03 10:05:02.000000',639,0),('d001','2021-10-03 10:05:03.000000',641,0),('d001','2021-10-03 10:05:04.000000',640,0),('d001','2021-10-03 10:05:05.000000',640,0),('d001','2021-10-03 10:05:06.000000',640,0),('d001','2021-10-03 10:05:07.000000',641,0),('d001','2021-10-03 10:05:08.000000',640,0),('d001','2021-10-03 10:05:09.000000',640,0),('d001','2021-10-03 10:05:10.000000',640,0),('d001','2021-10-03 10:05:11.000000',641,0),('d001','2021-10-03 10:05:12.000000',641,0),('d001','2021-10-03 10:05:13.000000',638,0),('d001','2021-10-03 10:05:14.000000',638,0),('d001','2021-10-03 10:05:15.000000',637,0),('d001','2021-10-03 10:05:16.000000',636,0),('d001','2021-10-03 10:05:17.000000',636,0),('d001','2021-10-03 10:05:18.000000',636,0),('d001','2021-10-03 10:05:19.000000',637,0),('d001','2021-10-03 10:05:20.000000',639,0),('d001','2021-10-03 10:05:21.000000',638,0),('d001','2021-10-03 10:05:22.000000',638,0),('d001','2021-10-03 10:05:23.000000',638,0),('d001','2021-10-03 10:05:24.000000',638,0),('d001','2021-10-03 10:05:25.000000',640,0),('d001','2021-10-03 10:05:26.000000',639,0),('d001','2021-10-03 10:05:27.000000',638,0),('d001','2021-10-03 10:05:28.000000',637,0),('d001','2021-10-03 10:05:29.000000',636,0),('d001','2021-10-03 10:05:30.000000',642,0),('d001','2021-10-03 10:05:31.000000',662,0),('d001','2021-10-03 10:05:32.000000',690,0),('d001','2021-10-03 10:05:33.000000',700,0),('d001','2021-10-03 10:05:34.000000',705,0),('d001','2021-10-03 10:05:35.000000',716,0),('d001','2021-10-03 10:05:36.000000',695,0),('d001','2021-10-03 10:05:37.000000',695,0),('d001','2021-10-03 10:05:38.000000',668,0),('d001','2021-10-03 10:05:39.000000',719,0),('d001','2021-10-03 10:05:40.000000',730,0),('d001','2021-10-03 10:05:41.000000',736,0),('d001','2021-10-03 10:05:42.000000',671,0),('d001','2021-10-03 10:05:43.000000',631,0),('d001','2021-10-03 10:05:44.000000',546,0),('d001','2021-10-03 10:05:45.000000',569,0),('d001','2021-10-03 10:05:46.000000',572,0),('d001','2021-10-03 10:05:47.000000',630,0),('d001','2021-10-03 10:05:48.000000',624,0),('d001','2021-10-03 10:05:49.000000',608,0),('d001','2021-10-03 10:05:50.000000',590,0),('d001','2021-10-03 10:05:51.000000',566,0),('d001','2021-10-03 10:05:52.000000',564,0),('d001','2021-10-03 10:05:53.000000',559,0),('d001','2021-10-03 10:05:54.000000',565,0),('d001','2021-10-03 10:05:55.000000',567,0),('d001','2021-10-03 10:05:56.000000',572,0),('d001','2021-10-03 10:05:57.000000',571,0),('d001','2021-10-03 10:05:58.000000',571,0),('d001','2021-10-03 10:05:59.000000',571,0),('d001','2021-10-03 10:06:00.000000',570,0),('d001','2021-10-03 10:06:01.000000',569,0),('d001','2021-10-03 10:06:02.000000',568,0),('d001','2021-10-03 10:06:03.000000',567,0),('d001','2021-10-03 10:06:04.000000',567,0),('d001','2021-10-03 10:06:05.000000',567,0),('d001','2021-10-03 10:06:06.000000',567,0),('d001','2021-10-03 10:06:07.000000',568,0),('d001','2021-10-03 10:06:08.000000',568,0),('d001','2021-10-03 10:06:09.000000',570,0),('d001','2021-10-03 10:06:10.000000',574,0),('d001','2021-10-03 10:06:11.000000',571,0),('d001','2021-10-03 10:06:12.000000',554,0),('d001','2021-10-03 10:06:13.000000',542,0),('d001','2021-10-03 10:06:14.000000',577,0),('d001','2021-10-03 10:06:15.000000',582,0),('d001','2021-10-03 10:06:16.000000',581,0),('d001','2021-10-03 10:06:17.000000',583,0),('d001','2021-10-03 10:06:18.000000',584,0),('d001','2021-10-03 10:06:19.000000',583,0),('d001','2021-10-03 10:06:20.000000',586,0),('d001','2021-10-03 10:06:21.000000',594,0),('d001','2021-10-03 10:06:22.000000',594,0),('d001','2021-10-03 10:06:23.000000',605,0),('d001','2021-10-03 10:06:24.000000',615,0),('d001','2021-10-03 10:06:25.000000',618,0),('d001','2021-10-03 10:06:26.000000',617,0),('d001','2021-10-03 10:06:27.000000',617,0),('d001','2021-10-03 10:06:28.000000',617,0),('d001','2021-10-03 10:06:29.000000',622,0),('d001','2021-10-03 10:06:30.000000',646,0),('d001','2021-10-03 10:06:31.000000',704,0),('d001','2021-10-03 10:06:32.000000',674,0),('d001','2021-10-03 10:06:33.000000',660,0),('d001','2021-10-03 10:06:34.000000',616,0),('d001','2021-10-03 10:06:35.000000',592,0),('d001','2021-10-03 10:06:36.000000',581,0),('d001','2021-10-03 10:06:37.000000',578,0),('d001','2021-10-03 10:06:38.000000',571,0),('d001','2021-10-03 10:06:39.000000',568,0),('d001','2021-10-03 10:06:40.000000',589,0),('d001','2021-10-03 10:06:41.000000',589,0),('d001','2021-10-03 10:06:42.000000',591,0),('d001','2021-10-03 10:06:43.000000',590,0),('d001','2021-10-03 10:06:44.000000',588,0),('d001','2021-10-03 10:06:45.000000',586,0),('d001','2021-10-03 10:06:46.000000',585,0),('d001','2021-10-03 10:06:47.000000',582,0),('d001','2021-10-03 10:06:48.000000',580,0),('d001','2021-10-03 10:06:49.000000',588,0),('d001','2021-10-03 10:06:50.000000',596,0),('d001','2021-10-03 10:06:51.000000',610,0),('d001','2021-10-03 10:06:52.000000',632,0),('d001','2021-10-03 10:06:53.000000',628,0),('d001','2021-10-03 10:06:54.000000',618,0),('d001','2021-10-03 10:06:55.000000',580,0),('d001','2021-10-03 10:06:56.000000',616,0),('d001','2021-10-03 10:06:57.000000',621,0),('d001','2021-10-03 10:06:58.000000',617,0),('d001','2021-10-03 10:06:59.000000',609,0),('d001','2021-10-03 10:07:00.000000',696,0),('d001','2021-10-03 10:07:01.000000',505,0),('d001','2021-10-03 10:07:02.000000',522,0),('d001','2021-10-03 10:07:03.000000',505,0),('d001','2021-10-03 10:07:04.000000',527,0),('d001','2021-10-03 10:07:05.000000',534,0),('d001','2021-10-03 10:07:06.000000',515,0),('d001','2021-10-03 10:07:07.000000',486,0),('d001','2021-10-03 10:07:08.000000',502,0),('d001','2021-10-03 10:07:09.000000',457,0),('d001','2021-10-03 10:07:10.000000',447,0),('d001','2021-10-03 10:07:11.000000',465,0),('d001','2021-10-03 10:07:12.000000',490,0),('d001','2021-10-03 10:07:13.000000',540,0),('d001','2021-10-03 10:07:14.000000',535,0),('d001','2021-10-03 10:07:15.000000',535,0),('d001','2021-10-03 10:07:16.000000',547,0),('d001','2021-10-03 10:07:17.000000',544,0),('d001','2021-10-03 10:07:18.000000',499,0),('d001','2021-10-03 10:07:19.000000',488,0),('d001','2021-10-03 10:07:20.000000',461,0),('d001','2021-10-03 10:07:21.000000',427,0),('d001','2021-10-03 10:07:22.000000',522,0),('d001','2021-10-03 10:07:23.000000',471,0),('d001','2021-10-03 10:07:24.000000',458,0),('d001','2021-10-03 10:07:25.000000',522,0),('d001','2021-10-03 10:07:26.000000',452,0),('d001','2021-10-03 10:07:27.000000',381,0),('d001','2021-10-03 10:07:28.000000',363,0),('d001','2021-10-03 10:07:29.000000',456,0),('d001','2021-10-03 10:07:30.000000',386,0),('d001','2021-10-03 10:07:31.000000',394,0),('d001','2021-10-03 10:07:32.000000',287,0),('d001','2021-10-03 10:07:33.000000',259,0),('d001','2021-10-03 10:07:34.000000',232,0),('d001','2021-10-03 10:07:35.000000',243,0),('d001','2021-10-03 10:07:36.000000',201,0),('d001','2021-10-03 10:07:37.000000',208,0),('d001','2021-10-03 10:07:38.000000',199,0),('d001','2021-10-03 10:07:39.000000',194,0),('d001','2021-10-03 10:07:40.000000',220,0),('d001','2021-10-03 10:07:41.000000',251,0),('d001','2021-10-03 10:07:42.000000',262,0),('d001','2021-10-03 10:07:43.000000',235,0),('d001','2021-10-03 10:07:44.000000',244,0),('d001','2021-10-03 10:07:45.000000',220,0),('d001','2021-10-03 10:07:46.000000',258,0),('d001','2021-10-03 10:07:47.000000',293,0),('d001','2021-10-03 10:07:48.000000',224,0),('d001','2021-10-03 10:07:49.000000',241,0),('d001','2021-10-03 10:07:50.000000',266,0),('d001','2021-10-03 10:07:51.000000',326,0),('d001','2021-10-03 10:07:52.000000',303,0),('d001','2021-10-03 10:07:53.000000',277,0),('d001','2021-10-03 10:07:54.000000',314,0),('d001','2021-10-03 10:07:55.000000',365,0),('d001','2021-10-03 10:07:56.000000',308,0),('d001','2021-10-03 10:07:57.000000',289,0),('d001','2021-10-03 10:07:58.000000',308,0),('d001','2021-10-03 10:07:59.000000',345,0),('d001','2021-10-03 10:08:00.000000',354,0),('d001','2021-10-03 10:08:01.000000',262,0),('d001','2021-10-03 10:08:02.000000',283,0),('d001','2021-10-03 10:08:03.000000',275,0),('d001','2021-10-03 10:08:04.000000',270,0),('d001','2021-10-03 10:08:05.000000',263,0),('d001','2021-10-03 10:08:06.000000',288,0),('d001','2021-10-03 10:08:07.000000',321,0),('d001','2021-10-03 10:08:08.000000',287,0),('d001','2021-10-03 10:08:09.000000',282,0),('d001','2021-10-03 10:08:10.000000',350,0),('d001','2021-10-03 10:08:11.000000',417,0),('d001','2021-10-03 10:08:12.000000',424,0),('d001','2021-10-03 10:08:13.000000',357,0),('d001','2021-10-03 10:08:14.000000',494,0),('d001','2021-10-03 10:08:15.000000',578,0),('d001','2021-10-03 10:08:16.000000',673,0),('d001','2021-10-03 10:08:17.000000',544,0),('d001','2021-10-03 10:08:18.000000',538,0),('d001','2021-10-03 10:08:19.000000',659,0),('d001','2021-10-03 10:08:20.000000',799,0),('d001','2021-10-03 10:08:21.000000',821,0),('d001','2021-10-03 10:08:22.000000',829,0),('d001','2021-10-03 10:08:23.000000',826,0),('d001','2021-10-03 10:08:24.000000',827,0),('d001','2021-10-03 10:08:25.000000',827,0),('d001','2021-10-03 10:08:26.000000',838,0),('d001','2021-10-03 10:08:27.000000',849,0),('d001','2021-10-03 10:08:28.000000',847,0),('d001','2021-10-03 10:08:29.000000',843,0),('d001','2021-10-03 10:08:30.000000',835,0),('d001','2021-10-03 10:08:31.000000',844,0),('d001','2021-10-03 10:08:32.000000',851,0),('d001','2021-10-03 10:08:33.000000',855,0),('d001','2021-10-03 10:08:34.000000',852,0),('d001','2021-10-03 10:08:35.000000',856,0),('d001','2021-10-03 10:08:36.000000',853,0),('d001','2021-10-03 10:08:37.000000',851,0),('d001','2021-10-03 10:08:38.000000',851,0),('d001','2021-10-03 10:08:39.000000',851,0),('d001','2021-10-03 10:08:40.000000',850,0),('d001','2021-10-03 10:08:41.000000',851,0),('d001','2021-10-03 10:08:42.000000',853,0),('d001','2021-10-03 10:08:43.000000',853,0),('d001','2021-10-03 10:08:44.000000',853,0),('d001','2021-10-03 10:08:45.000000',853,0),('d001','2021-10-03 10:08:46.000000',851,0),('d001','2021-10-03 10:08:47.000000',872,0),('d001','2021-10-03 10:08:48.000000',873,0),('d001','2021-10-03 10:08:49.000000',868,0),('d001','2021-10-03 10:08:50.000000',857,0),('d001','2021-10-03 10:08:51.000000',855,0),('d001','2021-10-03 10:08:52.000000',841,0),('d001','2021-10-03 10:08:53.000000',830,0),('d001','2021-10-03 10:08:54.000000',827,0),('d001','2021-10-03 10:08:55.000000',826,0),('d001','2021-10-03 10:08:56.000000',825,0),('d001','2021-10-03 10:08:57.000000',829,0),('d001','2021-10-03 10:08:58.000000',829,0),('d001','2021-10-03 10:08:59.000000',830,0),('d001','2021-10-03 10:09:00.000000',829,0),('d001','2021-10-03 10:09:01.000000',829,0),('d001','2021-10-03 10:09:02.000000',829,0),('d001','2021-10-03 10:09:03.000000',829,0),('d001','2021-10-03 10:09:04.000000',830,0),('d001','2021-10-03 10:09:05.000000',834,0),('d001','2021-10-03 10:09:06.000000',834,0),('d001','2021-10-03 10:09:07.000000',840,0),('d001','2021-10-03 10:09:08.000000',847,0),('d001','2021-10-03 10:09:09.000000',847,0),('d001','2021-10-03 10:09:10.000000',847,0),('d001','2021-10-03 10:09:11.000000',846,0),('d001','2021-10-03 10:09:12.000000',846,0),('d001','2021-10-03 10:09:13.000000',847,0),('d001','2021-10-03 10:09:14.000000',847,0),('d001','2021-10-03 10:09:15.000000',846,0),('d001','2021-10-03 10:09:16.000000',847,0),('d001','2021-10-03 10:09:17.000000',845,0),('d001','2021-10-03 10:09:18.000000',845,0),('d001','2021-10-03 10:09:19.000000',845,0),('d001','2021-10-03 10:09:20.000000',845,0),('d001','2021-10-03 10:09:21.000000',846,0),('d001','2021-10-03 10:09:22.000000',846,0),('d001','2021-10-03 10:09:23.000000',846,0),('d001','2021-10-03 10:09:24.000000',846,0),('d001','2021-10-03 10:09:25.000000',846,0),('d001','2021-10-03 10:09:26.000000',840,0),('d001','2021-10-03 10:09:27.000000',839,0),('d001','2021-10-03 10:09:28.000000',841,0),('d001','2021-10-03 10:09:29.000000',842,0),('d001','2021-10-03 10:09:30.000000',842,0),('d001','2021-10-03 10:09:31.000000',842,0),('d001','2021-10-03 10:09:32.000000',846,0),('d001','2021-10-03 10:09:33.000000',816,0),('d001','2021-10-03 10:09:34.000000',820,0),('d001','2021-10-03 10:09:35.000000',818,0),('d001','2021-10-03 10:09:36.000000',815,0),('d001','2021-10-03 10:09:37.000000',807,0),('d001','2021-10-03 10:09:38.000000',807,0),('d001','2021-10-03 10:09:39.000000',807,0),('d001','2021-10-03 10:09:40.000000',807,0),('d001','2021-10-03 10:09:41.000000',807,0),('d001','2021-10-03 10:09:42.000000',807,0),('d001','2021-10-03 10:09:43.000000',807,0),('d001','2021-10-03 10:09:44.000000',807,0),('d001','2021-10-03 10:09:45.000000',807,0),('d001','2021-10-03 10:09:46.000000',808,0),('d001','2021-10-03 10:09:47.000000',808,0),('d001','2021-10-03 10:09:48.000000',808,0),('d001','2021-10-03 10:09:49.000000',808,0),('d001','2021-10-03 10:09:50.000000',808,0),('d001','2021-10-03 10:09:51.000000',808,0),('d001','2021-10-03 10:09:52.000000',808,0),('d001','2021-10-03 10:09:53.000000',815,0),('d001','2021-10-03 10:09:54.000000',818,0),('d001','2021-10-03 10:09:55.000000',831,0),('d001','2021-10-03 10:09:56.000000',837,0),('d001','2021-10-03 10:09:57.000000',841,0),('d001','2021-10-03 10:09:58.000000',829,0),('d001','2021-10-03 10:09:59.000000',778,0),('d001','2021-10-03 10:10:00.000000',788,0),('d001','2021-10-03 10:10:01.000000',797,0),('d001','2021-10-03 10:10:02.000000',603,0),('d001','2021-10-03 10:10:03.000000',494,0),('d001','2021-10-03 10:10:04.000000',413,0),('d001','2021-10-03 10:10:05.000000',438,0),('d001','2021-10-03 10:10:06.000000',380,0),('d001','2021-10-03 10:10:07.000000',461,0),('d001','2021-10-03 10:10:08.000000',471,0),('d001','2021-10-03 10:10:09.000000',447,0),('d001','2021-10-03 10:10:10.000000',392,0),('d001','2021-10-03 10:10:11.000000',407,0),('d001','2021-10-03 10:10:12.000000',466,0),('d001','2021-10-03 10:10:13.000000',461,0),('d001','2021-10-03 10:10:14.000000',382,0),('d001','2021-10-03 10:10:15.000000',413,0),('d001','2021-10-03 10:10:16.000000',460,0),('d001','2021-10-03 10:10:17.000000',456,0),('d001','2021-10-03 10:10:18.000000',422,0),('d001','2021-10-03 10:10:19.000000',345,0),('d001','2021-10-03 10:10:20.000000',334,0),('d001','2021-10-03 10:10:21.000000',357,0),('d001','2021-10-03 10:10:22.000000',318,0),('d001','2021-10-03 10:10:23.000000',316,0),('d001','2021-10-03 10:10:24.000000',327,0),('d001','2021-10-03 10:10:25.000000',336,0),('d001','2021-10-03 10:10:26.000000',374,0),('d001','2021-10-03 10:10:27.000000',362,0),('d001','2021-10-03 10:10:28.000000',350,0),('d001','2021-10-03 10:10:29.000000',361,0),('d001','2021-10-03 10:10:30.000000',342,0),('d001','2021-10-03 10:10:31.000000',315,0),('d001','2021-10-03 10:10:32.000000',320,0),('d001','2021-10-03 10:10:33.000000',303,0),('d001','2021-10-03 10:10:34.000000',298,0),('d001','2021-10-03 10:10:35.000000',307,0),('d001','2021-10-03 10:10:36.000000',331,0),('d001','2021-10-03 10:10:37.000000',298,0),('d001','2021-10-03 10:10:38.000000',330,0),('d001','2021-10-03 10:10:39.000000',332,0),('d001','2021-10-03 10:10:40.000000',346,0),('d001','2021-10-03 10:10:41.000000',294,0),('d001','2021-10-03 10:10:42.000000',376,0),('d001','2021-10-03 10:10:43.000000',409,0),('d001','2021-10-03 10:10:44.000000',419,0),('d001','2021-10-03 10:10:45.000000',508,0),('d001','2021-10-03 10:10:46.000000',486,0),('d001','2021-10-03 10:10:47.000000',473,0),('d001','2021-10-03 10:10:48.000000',500,0),('d001','2021-10-03 10:10:49.000000',572,0),('d001','2021-10-03 10:10:50.000000',590,0),('d001','2021-10-03 10:10:51.000000',609,0),('d001','2021-10-03 10:10:52.000000',641,0),('d001','2021-10-03 10:10:53.000000',591,0),('d001','2021-10-03 10:10:54.000000',585,0),('d001','2021-10-03 10:10:55.000000',593,0),('d001','2021-10-03 10:10:56.000000',619,0),('d001','2021-10-03 10:10:57.000000',645,0),('d001','2021-10-03 10:10:58.000000',648,0),('d001','2021-10-03 10:10:59.000000',635,0),('d001','2021-10-03 10:11:00.000000',665,0),('d001','2021-10-03 10:11:01.000000',674,0),('d001','2021-10-03 10:11:02.000000',636,0),('d001','2021-10-03 10:11:03.000000',603,0),('d001','2021-10-03 10:11:04.000000',598,0),('d001','2021-10-03 10:11:05.000000',592,0),('d001','2021-10-03 10:11:06.000000',659,0),('d001','2021-10-03 10:11:07.000000',698,0),('d001','2021-10-03 10:11:08.000000',638,0),('d001','2021-10-03 10:11:09.000000',655,0),('d001','2021-10-03 10:11:10.000000',667,0),('d001','2021-10-03 10:11:11.000000',673,0),('d001','2021-10-03 10:11:12.000000',583,0),('d001','2021-10-03 10:11:13.000000',583,0),('d001','2021-10-03 10:11:14.000000',588,0),('d001','2021-10-03 10:11:15.000000',596,0),('d001','2021-10-03 10:11:16.000000',608,0),('d001','2021-10-03 10:11:17.000000',623,0),('d001','2021-10-03 10:11:18.000000',624,0),('d001','2021-10-03 10:11:19.000000',637,0),('d001','2021-10-03 10:11:20.000000',632,0),('d001','2021-10-03 10:11:21.000000',636,0),('d001','2021-10-03 10:11:22.000000',631,0),('d001','2021-10-03 10:11:23.000000',635,0),('d001','2021-10-03 10:11:24.000000',635,0),('d001','2021-10-03 10:11:25.000000',635,0),('d001','2021-10-03 10:11:26.000000',635,0),('d001','2021-10-03 10:11:27.000000',635,0),('d001','2021-10-03 10:11:28.000000',634,0),('d001','2021-10-03 10:11:29.000000',634,0),('d001','2021-10-03 10:11:30.000000',628,0),('d001','2021-10-03 10:11:31.000000',628,0),('d001','2021-10-03 10:11:32.000000',628,0),('d001','2021-10-03 10:11:33.000000',628,0),('d001','2021-10-03 10:11:34.000000',628,0),('d001','2021-10-03 10:11:35.000000',628,0),('d001','2021-10-03 10:11:36.000000',628,0),('d001','2021-10-03 10:11:37.000000',629,0),('d001','2021-10-03 10:11:38.000000',627,0),('d001','2021-10-03 10:11:39.000000',628,0),('d001','2021-10-03 10:11:40.000000',627,0),('d001','2021-10-03 10:11:41.000000',627,0),('d001','2021-10-03 10:11:42.000000',627,0),('d001','2021-10-03 10:11:43.000000',629,0),('d001','2021-10-03 10:11:44.000000',627,0),('d001','2021-10-03 10:11:45.000000',628,0),('d001','2021-10-03 10:11:46.000000',628,0),('d001','2021-10-03 10:11:47.000000',628,0),('d001','2021-10-03 10:11:48.000000',628,0),('d001','2021-10-03 10:11:49.000000',628,0),('d001','2021-10-03 10:11:50.000000',627,0),('d001','2021-10-03 10:11:51.000000',627,0),('d001','2021-10-03 10:11:52.000000',628,0),('d001','2021-10-03 10:11:53.000000',628,0),('d001','2021-10-03 10:11:54.000000',629,0),('d001','2021-10-03 10:11:55.000000',627,0),('d001','2021-10-03 10:11:56.000000',627,0),('d001','2021-10-03 10:11:57.000000',628,0),('d001','2021-10-03 10:11:58.000000',628,0),('d001','2021-10-03 10:11:59.000000',628,0),('d001','2021-10-03 10:12:00.000000',628,0),('d001','2021-10-03 10:12:01.000000',627,0),('d001','2021-10-03 10:12:02.000000',627,0),('d001','2021-10-03 10:12:03.000000',628,0),('d001','2021-10-03 10:12:04.000000',628,0),('d001','2021-10-03 10:12:05.000000',628,0),('d001','2021-10-03 10:12:06.000000',628,0),('d001','2021-10-03 10:12:07.000000',628,0),('d001','2021-10-03 10:12:08.000000',628,0),('d001','2021-10-03 10:12:09.000000',628,0),('d001','2021-10-03 10:12:10.000000',628,0),('d001','2021-10-03 10:12:11.000000',628,0),('d001','2021-10-03 10:12:12.000000',628,0),('d001','2021-10-03 10:12:13.000000',627,0),('d001','2021-10-03 10:12:14.000000',628,0),('d001','2021-10-03 10:12:15.000000',628,0),('d001','2021-10-03 10:12:16.000000',628,0),('d001','2021-10-03 10:12:17.000000',628,0),('d001','2021-10-03 10:12:18.000000',628,0),('d001','2021-10-03 10:12:19.000000',628,0),('d001','2021-10-03 10:12:20.000000',628,0),('d001','2021-10-03 10:12:21.000000',628,0),('d001','2021-10-03 10:12:22.000000',628,0),('d001','2021-10-03 10:12:23.000000',628,0),('d001','2021-10-03 10:12:24.000000',627,0),('d001','2021-10-03 10:12:25.000000',628,0),('d001','2021-10-03 10:12:26.000000',628,0),('d001','2021-10-03 10:12:27.000000',628,0),('d001','2021-10-03 10:12:28.000000',628,0),('d001','2021-10-03 10:12:29.000000',627,0),('d001','2021-10-03 10:12:30.000000',627,0),('d001','2021-10-03 10:12:31.000000',628,0),('d001','2021-10-03 10:12:32.000000',628,0),('d001','2021-10-03 10:12:33.000000',626,0),('d001','2021-10-03 10:12:34.000000',627,0),('d001','2021-10-03 10:12:35.000000',627,0),('d001','2021-10-03 10:12:36.000000',628,0),('d001','2021-10-03 10:12:37.000000',627,0),('d001','2021-10-03 10:12:38.000000',628,0),('d001','2021-10-03 10:12:39.000000',627,0),('d001','2021-10-03 10:12:40.000000',627,0),('d001','2021-10-03 10:12:41.000000',627,0),('d001','2021-10-03 10:12:42.000000',628,0),('d001','2021-10-03 10:12:43.000000',627,0),('d001','2021-10-03 10:12:44.000000',628,0),('d001','2021-10-03 10:12:45.000000',628,0),('d001','2021-10-03 10:12:46.000000',627,0),('d001','2021-10-03 10:12:47.000000',628,0),('d001','2021-10-03 10:12:48.000000',627,0),('d001','2021-10-03 10:12:49.000000',628,0),('d001','2021-10-03 10:12:50.000000',627,0),('d001','2021-10-03 10:12:51.000000',627,0),('d001','2021-10-03 10:12:52.000000',627,0),('d001','2021-10-03 10:12:53.000000',628,0),('d001','2021-10-03 10:12:54.000000',627,0),('d001','2021-10-03 10:12:55.000000',627,0),('d001','2021-10-03 10:12:56.000000',625,0),('d001','2021-10-03 10:12:57.000000',627,0),('d001','2021-10-03 10:12:58.000000',627,0),('d001','2021-10-03 10:12:59.000000',627,0),('d001','2021-10-03 10:13:00.000000',627,0),('d001','2021-10-03 10:13:01.000000',627,0),('d001','2021-10-03 10:13:02.000000',627,0),('d001','2021-10-03 10:13:03.000000',627,0),('d001','2021-10-03 10:13:04.000000',628,0),('d001','2021-10-03 10:13:05.000000',627,0),('d001','2021-10-03 10:13:06.000000',627,0),('d001','2021-10-03 10:13:07.000000',627,0),('d001','2021-10-03 10:13:08.000000',627,0),('d001','2021-10-03 10:13:09.000000',627,0),('d001','2021-10-03 10:13:10.000000',627,0),('d001','2021-10-03 10:13:11.000000',627,0),('d001','2021-10-03 10:13:12.000000',627,0),('d001','2021-10-03 10:13:13.000000',627,0),('d001','2021-10-03 10:13:14.000000',627,0),('d001','2021-10-03 10:13:15.000000',627,0),('d001','2021-10-03 10:13:16.000000',627,0),('d001','2021-10-03 10:13:17.000000',627,0),('d001','2021-10-03 10:13:18.000000',628,0),('d001','2021-10-03 10:13:19.000000',627,0),('d001','2021-10-03 10:13:20.000000',627,0),('d001','2021-10-03 10:13:21.000000',627,0),('d001','2021-10-03 10:13:22.000000',627,0),('d001','2021-10-03 10:13:23.000000',627,0),('d001','2021-10-03 10:13:24.000000',628,0),('d001','2021-10-03 10:13:25.000000',627,0),('d001','2021-10-03 10:13:26.000000',627,0),('d001','2021-10-03 10:13:27.000000',628,0),('d001','2021-10-03 10:13:28.000000',627,0),('d001','2021-10-03 10:13:29.000000',627,0),('d001','2021-10-03 10:13:30.000000',627,0),('d001','2021-10-03 10:13:31.000000',627,0),('d001','2021-10-03 10:13:32.000000',627,0),('d001','2021-10-03 10:13:33.000000',627,0),('d001','2021-10-03 10:13:34.000000',627,0),('d001','2021-10-03 10:13:35.000000',627,0),('d001','2021-10-03 10:13:36.000000',627,0),('d001','2021-10-03 10:13:37.000000',628,0),('d001','2021-10-03 10:13:38.000000',627,0),('d001','2021-10-03 10:13:39.000000',627,0),('d001','2021-10-03 10:13:40.000000',627,0),('d001','2021-10-03 10:13:41.000000',627,0),('d001','2021-10-03 10:13:42.000000',627,0),('d001','2021-10-03 10:13:43.000000',627,0),('d001','2021-10-03 10:13:44.000000',627,0),('d001','2021-10-03 10:13:45.000000',627,0),('d001','2021-10-03 10:13:46.000000',627,0),('d001','2021-10-03 10:13:47.000000',627,0),('d001','2021-10-03 10:13:48.000000',627,0),('d001','2021-10-03 10:13:49.000000',627,0),('d001','2021-10-03 10:13:50.000000',627,0),('d001','2021-10-03 10:13:51.000000',627,0),('d001','2021-10-03 10:13:52.000000',628,0),('d001','2021-10-03 10:13:53.000000',627,0),('d001','2021-10-03 10:13:54.000000',627,0),('d001','2021-10-03 10:13:55.000000',626,0),('d001','2021-10-03 10:13:56.000000',627,0),('d001','2021-10-03 10:13:57.000000',627,0),('d001','2021-10-03 10:13:58.000000',627,0),('d001','2021-10-03 10:13:59.000000',627,0),('d001','2021-10-03 10:14:00.000000',626,0),('d001','2021-10-03 10:14:01.000000',627,0),('d001','2021-10-03 10:14:02.000000',627,0),('d001','2021-10-03 10:14:03.000000',627,0),('d001','2021-10-03 10:14:04.000000',627,0),('d001','2021-10-03 10:14:05.000000',627,0),('d001','2021-10-03 10:14:06.000000',627,0),('d001','2021-10-03 10:14:07.000000',627,0),('d001','2021-10-03 10:14:08.000000',627,0),('d001','2021-10-03 10:14:09.000000',628,0),('d001','2021-10-03 10:14:10.000000',627,0),('d001','2021-10-03 10:14:11.000000',627,0),('d001','2021-10-03 10:14:12.000000',626,0),('d001','2021-10-03 10:14:13.000000',628,0),('d001','2021-10-03 10:14:14.000000',627,0),('d001','2021-10-03 10:14:15.000000',627,0),('d001','2021-10-03 10:14:16.000000',627,0),('d001','2021-10-03 10:14:17.000000',627,0),('d001','2021-10-03 10:14:18.000000',627,0),('d001','2021-10-03 10:14:19.000000',627,0),('d001','2021-10-03 10:14:20.000000',627,0),('d001','2021-10-03 10:14:21.000000',627,0),('d001','2021-10-03 10:14:22.000000',627,0),('d001','2021-10-03 10:14:23.000000',628,0),('d001','2021-10-03 10:14:24.000000',627,0),('d001','2021-10-03 10:14:25.000000',628,0),('d001','2021-10-03 10:14:26.000000',627,0),('d001','2021-10-03 10:14:27.000000',627,0),('d001','2021-10-03 10:14:28.000000',627,0),('d001','2021-10-03 10:14:29.000000',627,0),('d001','2021-10-03 10:14:30.000000',628,0),('d001','2021-10-03 10:14:31.000000',627,0),('d001','2021-10-03 10:14:32.000000',627,0),('d001','2021-10-03 10:14:33.000000',627,0),('d001','2021-10-03 10:14:34.000000',627,0),('d001','2021-10-03 10:14:35.000000',627,0),('d001','2021-10-03 10:14:36.000000',627,0),('d001','2021-10-03 10:14:37.000000',627,0),('d001','2021-10-03 10:14:38.000000',627,0),('d001','2021-10-03 10:14:39.000000',627,0),('d001','2021-10-03 10:14:40.000000',627,0),('d001','2021-10-03 10:14:41.000000',628,0),('d001','2021-10-03 10:14:42.000000',627,0),('d001','2021-10-03 10:14:43.000000',628,0),('d001','2021-10-03 10:14:44.000000',627,0),('d001','2021-10-03 10:14:45.000000',627,0),('d001','2021-10-03 10:14:46.000000',627,0),('d001','2021-10-03 10:14:47.000000',627,0),('d001','2021-10-03 10:14:48.000000',627,0),('d001','2021-10-03 10:14:49.000000',627,0),('d001','2021-10-03 10:14:50.000000',628,0),('d001','2021-10-03 10:14:51.000000',627,0),('d001','2021-10-03 10:14:52.000000',627,0),('d001','2021-10-03 10:14:53.000000',627,0),('d001','2021-10-03 10:14:54.000000',627,0),('d001','2021-10-03 10:14:55.000000',628,0),('d001','2021-10-03 10:14:56.000000',627,0),('d001','2021-10-03 10:14:57.000000',627,0),('d001','2021-10-03 10:14:58.000000',627,0),('d001','2021-10-03 10:14:59.000000',627,0),('d001','2021-10-03 10:15:00.000000',627,0),('d001','2021-10-03 10:15:01.000000',628,0),('d001','2021-10-03 10:15:02.000000',627,0),('d001','2021-10-03 10:15:03.000000',627,0),('d001','2021-10-03 10:15:04.000000',627,0),('d001','2021-10-03 10:15:05.000000',627,0),('d001','2021-10-03 10:15:06.000000',627,0),('d001','2021-10-03 10:15:07.000000',627,0),('d001','2021-10-03 10:15:08.000000',627,0),('d001','2021-10-03 10:15:09.000000',627,0),('d001','2021-10-03 10:15:10.000000',627,0),('d001','2021-10-03 10:15:11.000000',627,0),('d001','2021-10-03 10:15:12.000000',628,0),('d001','2021-10-03 10:15:13.000000',627,0),('d001','2021-10-03 10:15:14.000000',628,0),('d001','2021-10-03 10:15:15.000000',627,0),('d001','2021-10-03 10:15:16.000000',627,0),('d001','2021-10-03 10:15:17.000000',627,0),('d001','2021-10-03 10:15:18.000000',627,0),('d001','2021-10-03 10:15:19.000000',627,0),('d001','2021-10-03 10:15:20.000000',627,0),('d001','2021-10-03 10:15:21.000000',627,0),('d001','2021-10-03 10:15:22.000000',628,0),('d001','2021-10-03 10:15:23.000000',627,0),('d001','2021-10-03 10:15:24.000000',627,0),('d001','2021-10-03 10:15:25.000000',627,0),('d001','2021-10-03 10:15:26.000000',627,0),('d001','2021-10-03 10:15:27.000000',627,0),('d001','2021-10-03 10:15:28.000000',627,0),('d001','2021-10-03 10:15:29.000000',627,0),('d001','2021-10-03 10:15:30.000000',627,0),('d001','2021-10-03 10:15:31.000000',627,0),('d001','2021-10-03 10:15:32.000000',627,0),('d001','2021-10-03 10:15:33.000000',627,0),('d001','2021-10-03 10:15:34.000000',627,0),('d001','2021-10-03 10:15:35.000000',627,0),('d001','2021-10-03 10:15:36.000000',627,0),('d001','2021-10-03 10:15:37.000000',628,0),('d001','2021-10-03 10:15:38.000000',627,0),('d001','2021-10-03 10:15:39.000000',627,0),('d001','2021-10-03 10:15:40.000000',627,0),('d001','2021-10-03 10:15:41.000000',627,0),('d001','2021-10-03 10:15:42.000000',627,0),('d001','2021-10-03 10:15:43.000000',627,0),('d001','2021-10-03 10:15:44.000000',627,0),('d001','2021-10-03 10:15:45.000000',627,0),('d001','2021-10-03 10:15:46.000000',627,0),('d001','2021-10-03 10:15:47.000000',627,0),('d001','2021-10-03 10:15:48.000000',627,0),('d001','2021-10-03 10:15:49.000000',627,0),('d001','2021-10-03 10:15:50.000000',627,0),('d001','2021-10-03 10:15:51.000000',628,0),('d001','2021-10-03 10:15:52.000000',627,0),('d001','2021-10-03 10:15:53.000000',627,0),('d001','2021-10-03 10:15:54.000000',627,0),('d001','2021-10-03 10:15:55.000000',627,0),('d001','2021-10-03 10:15:56.000000',627,0),('d001','2021-10-03 10:15:57.000000',627,0),('d001','2021-10-03 10:15:58.000000',628,0),('d001','2021-10-03 10:15:59.000000',627,0),('d001','2021-10-03 10:16:00.000000',627,0),('d001','2021-10-03 10:16:01.000000',627,0),('d001','2021-10-03 10:16:02.000000',627,0),('d001','2021-10-03 10:16:03.000000',627,0),('d001','2021-10-03 10:16:04.000000',627,0),('d001','2021-10-03 10:16:05.000000',628,0),('d001','2021-10-03 10:16:06.000000',628,0),('d001','2021-10-03 10:16:07.000000',627,0),('d001','2021-10-03 10:16:08.000000',627,0),('d001','2021-10-03 10:16:09.000000',627,0),('d001','2021-10-03 10:16:10.000000',627,0),('d001','2021-10-03 10:16:11.000000',628,0),('d001','2021-10-03 10:16:12.000000',628,0),('d001','2021-10-03 10:16:13.000000',627,0),('d001','2021-10-03 10:16:14.000000',627,0),('d001','2021-10-03 10:16:15.000000',628,0),('d001','2021-10-03 10:16:16.000000',627,0),('d001','2021-10-03 10:16:17.000000',627,0),('d001','2021-10-03 10:16:18.000000',628,0),('d001','2021-10-03 10:16:19.000000',627,0),('d001','2021-10-03 10:16:20.000000',627,0),('d001','2021-10-03 10:16:21.000000',627,0),('d001','2021-10-03 10:16:22.000000',628,0),('d001','2021-10-03 10:16:23.000000',627,0),('d001','2021-10-03 10:16:24.000000',627,0),('d001','2021-10-03 10:16:25.000000',627,0),('d001','2021-10-03 10:16:26.000000',627,0),('d001','2021-10-03 10:16:27.000000',627,0),('d001','2021-10-03 10:16:28.000000',627,0),('d001','2021-10-03 10:16:29.000000',627,0),('d001','2021-10-03 10:16:30.000000',627,0),('d001','2021-10-03 10:16:31.000000',627,0),('d001','2021-10-03 10:16:32.000000',627,0),('d001','2021-10-03 10:16:33.000000',627,0),('d001','2021-10-03 10:16:34.000000',627,0),('d001','2021-10-03 10:16:35.000000',627,0),('d001','2021-10-03 10:16:36.000000',627,0),('d001','2021-10-03 10:16:37.000000',627,0),('d001','2021-10-03 10:16:38.000000',628,0),('d001','2021-10-03 10:16:39.000000',627,0),('d001','2021-10-03 10:16:40.000000',627,0),('d001','2021-10-03 10:16:41.000000',627,0),('d001','2021-10-03 10:16:42.000000',628,0),('d001','2021-10-03 10:16:43.000000',627,0),('d001','2021-10-03 10:16:44.000000',627,0),('d001','2021-10-03 10:16:45.000000',627,0),('d001','2021-10-03 10:16:46.000000',627,0),('d001','2021-10-03 10:16:47.000000',627,0),('d001','2021-10-03 10:16:48.000000',627,0),('d001','2021-10-03 10:16:49.000000',627,0),('d001','2021-10-03 10:16:50.000000',628,0),('d001','2021-10-03 10:16:51.000000',627,0),('d001','2021-10-03 10:16:52.000000',628,0),('d001','2021-10-03 10:16:53.000000',627,0),('d001','2021-10-03 10:16:54.000000',627,0),('d001','2021-10-03 10:16:55.000000',627,0),('d001','2021-10-03 10:16:56.000000',627,0),('d001','2021-10-03 10:16:57.000000',628,0),('d001','2021-10-03 10:16:58.000000',627,0),('d001','2021-10-03 10:16:59.000000',628,0),('d001','2021-10-03 10:17:00.000000',627,0),('d001','2021-10-03 10:17:01.000000',627,0),('d001','2021-10-03 10:17:02.000000',628,0),('d001','2021-10-03 10:17:03.000000',628,0),('d001','2021-10-03 10:17:04.000000',628,0),('d001','2021-10-03 10:17:05.000000',627,0),('d001','2021-10-03 10:17:06.000000',627,0),('d001','2021-10-03 10:17:07.000000',628,0),('d001','2021-10-03 10:17:08.000000',627,0),('d001','2021-10-03 10:17:09.000000',628,0),('d001','2021-10-03 10:17:10.000000',628,0),('d001','2021-10-03 10:17:11.000000',627,0),('d001','2021-10-03 10:17:12.000000',627,0),('d001','2021-10-03 10:17:13.000000',627,0),('d001','2021-10-03 10:17:14.000000',628,0),('d001','2021-10-03 10:17:15.000000',628,0),('d001','2021-10-03 10:17:16.000000',628,0),('d001','2021-10-03 10:17:17.000000',628,0),('d001','2021-10-03 10:17:18.000000',628,0),('d001','2021-10-03 10:17:19.000000',628,0),('d001','2021-10-03 10:17:20.000000',627,0),('d001','2021-10-03 10:17:21.000000',628,0),('d001','2021-10-03 10:17:22.000000',627,0),('d001','2021-10-03 10:17:23.000000',627,0),('d001','2021-10-03 10:17:24.000000',627,0),('d001','2021-10-03 10:17:25.000000',628,0),('d001','2021-10-03 10:17:26.000000',627,0),('d001','2021-10-03 10:17:27.000000',627,0),('d001','2021-10-03 10:17:28.000000',627,0),('d001','2021-10-03 10:17:29.000000',627,0),('d001','2021-10-03 10:17:30.000000',629,0),('d001','2021-10-03 10:17:31.000000',627,0),('d001','2021-10-03 10:17:32.000000',628,0),('d001','2021-10-03 10:17:33.000000',627,0),('d001','2021-10-03 10:17:34.000000',628,0),('d001','2021-10-03 10:17:35.000000',627,0),('d001','2021-10-03 10:17:36.000000',627,0),('d001','2021-10-03 10:17:37.000000',627,0),('d001','2021-10-03 10:17:38.000000',627,0),('d001','2021-10-03 10:17:39.000000',627,0),('d001','2021-10-03 10:17:40.000000',627,0),('d001','2021-10-03 10:17:41.000000',627,0),('d001','2021-10-03 10:17:42.000000',627,0),('d001','2021-10-03 10:17:43.000000',627,0),('d001','2021-10-03 10:17:44.000000',627,0),('d001','2021-10-03 10:17:45.000000',629,0),('d001','2021-10-03 10:17:46.000000',627,0),('d001','2021-10-03 10:17:47.000000',627,0),('d001','2021-10-03 10:17:48.000000',627,0),('d001','2021-10-03 10:17:49.000000',628,0),('d001','2021-10-03 10:17:50.000000',628,0),('d001','2021-10-03 10:17:51.000000',628,0),('d001','2021-10-03 10:17:52.000000',628,0),('d001','2021-10-03 10:17:53.000000',627,0),('d001','2021-10-03 10:17:54.000000',628,0),('d001','2021-10-03 10:17:55.000000',628,0),('d001','2021-10-03 10:17:56.000000',628,0),('d001','2021-10-03 10:17:57.000000',628,0),('d001','2021-10-03 10:17:58.000000',628,0),('d001','2021-10-03 10:17:59.000000',628,0),('d001','2021-10-03 10:18:00.000000',628,0),('d001','2021-10-03 10:18:01.000000',627,0),('d001','2021-10-03 10:18:02.000000',627,0),('d001','2021-10-03 10:18:03.000000',627,0),('d001','2021-10-03 10:18:04.000000',628,0),('d001','2021-10-03 10:18:05.000000',627,0),('d001','2021-10-03 10:18:06.000000',627,0),('d001','2021-10-03 10:18:07.000000',627,0),('d001','2021-10-03 10:18:08.000000',627,0),('d001','2021-10-03 10:18:09.000000',627,0),('d001','2021-10-03 10:18:10.000000',627,0),('d001','2021-10-03 10:18:11.000000',627,0),('d001','2021-10-03 10:18:12.000000',627,0),('d001','2021-10-03 10:18:13.000000',627,0),('d001','2021-10-03 10:18:14.000000',628,0),('d001','2021-10-03 10:18:15.000000',627,0),('d001','2021-10-03 10:18:16.000000',627,0),('d001','2021-10-03 10:18:17.000000',627,0),('d001','2021-10-03 10:18:18.000000',628,0),('d001','2021-10-03 10:18:19.000000',627,0),('d001','2021-10-03 10:18:20.000000',628,0),('d001','2021-10-03 10:18:21.000000',628,0),('d001','2021-10-03 10:18:22.000000',628,0),('d001','2021-10-03 10:18:23.000000',628,0),('d001','2021-10-03 10:18:24.000000',627,0),('d001','2021-10-03 10:18:25.000000',627,0),('d001','2021-10-03 10:18:26.000000',627,0),('d001','2021-10-03 10:18:27.000000',627,0),('d001','2021-10-03 10:18:28.000000',627,0),('d001','2021-10-03 10:18:29.000000',628,0),('d001','2021-10-03 10:18:30.000000',628,0),('d001','2021-10-03 10:18:31.000000',627,0),('d001','2021-10-03 10:18:32.000000',628,0),('d001','2021-10-03 10:18:33.000000',628,0),('d001','2021-10-03 10:18:34.000000',628,0),('d001','2021-10-03 10:18:35.000000',628,0),('d001','2021-10-03 10:18:36.000000',628,0),('d001','2021-10-03 10:18:37.000000',628,0),('d001','2021-10-03 10:18:38.000000',628,0),('d001','2021-10-03 10:18:39.000000',628,0),('d001','2021-10-03 10:18:40.000000',628,0),('d001','2021-10-03 10:18:41.000000',628,0),('d001','2021-10-03 10:18:42.000000',628,0),('d001','2021-10-03 10:18:43.000000',628,0),('d001','2021-10-03 10:18:44.000000',628,0),('d001','2021-10-03 10:18:45.000000',628,0),('d001','2021-10-03 10:18:46.000000',628,0),('d001','2021-10-03 10:18:47.000000',628,0),('d001','2021-10-03 10:18:48.000000',628,0),('d001','2021-10-03 10:18:49.000000',628,0),('d001','2021-10-03 10:18:50.000000',628,0),('d001','2021-10-03 10:18:51.000000',627,0),('d001','2021-10-03 10:18:52.000000',628,0),('d001','2021-10-03 10:18:53.000000',628,0),('d001','2021-10-03 10:18:54.000000',628,0),('d001','2021-10-03 10:18:55.000000',628,0),('d001','2021-10-03 10:18:56.000000',628,0),('d001','2021-10-03 10:18:57.000000',628,0),('d001','2021-10-03 10:18:58.000000',628,0),('d001','2021-10-03 10:18:59.000000',628,0),('d001','2021-10-03 10:19:00.000000',628,0),('d001','2021-10-03 10:19:01.000000',628,0),('d001','2021-10-03 10:19:02.000000',628,0),('d001','2021-10-03 10:19:03.000000',628,0),('d001','2021-10-03 10:19:04.000000',628,0),('d001','2021-10-03 10:19:05.000000',628,0),('d001','2021-10-03 10:19:06.000000',628,0),('d001','2021-10-03 10:19:07.000000',628,0),('d001','2021-10-03 10:19:08.000000',628,0),('d001','2021-10-03 10:19:09.000000',628,0),('d001','2021-10-03 10:19:10.000000',628,0),('d001','2021-10-03 10:19:11.000000',628,0),('d001','2021-10-03 10:19:12.000000',628,0),('d001','2021-10-03 10:19:13.000000',628,0),('d001','2021-10-03 10:19:14.000000',628,0),('d001','2021-10-03 10:19:15.000000',628,0),('d001','2021-10-03 10:19:16.000000',628,0),('d001','2021-10-03 10:19:17.000000',628,0),('d001','2021-10-03 10:19:18.000000',629,0),('d001','2021-10-03 10:19:19.000000',628,0),('d001','2021-10-03 10:19:20.000000',628,0),('d001','2021-10-03 10:19:21.000000',628,0),('d001','2021-10-03 10:19:22.000000',628,0),('d001','2021-10-03 10:19:23.000000',628,0),('d001','2021-10-03 10:19:24.000000',628,0),('d001','2021-10-03 10:19:25.000000',628,0),('d001','2021-10-03 10:19:26.000000',628,0),('d001','2021-10-03 10:19:27.000000',628,0),('d001','2021-10-03 10:19:28.000000',628,0),('d001','2021-10-03 10:19:29.000000',628,0),('d001','2021-10-03 10:19:30.000000',628,0),('d001','2021-10-03 10:19:31.000000',628,0),('d001','2021-10-03 10:19:32.000000',628,0),('d001','2021-10-03 10:19:33.000000',628,0),('d001','2021-10-03 10:19:34.000000',628,0),('d001','2021-10-03 10:19:35.000000',628,0),('d001','2021-10-03 10:19:36.000000',628,0),('d001','2021-10-03 10:19:37.000000',628,0),('d001','2021-10-03 10:19:38.000000',628,0),('d001','2021-10-03 10:19:39.000000',628,0),('d001','2021-10-03 10:19:40.000000',628,0),('d001','2021-10-03 10:19:41.000000',628,0),('d001','2021-10-03 10:19:42.000000',628,0),('d001','2021-10-03 10:19:43.000000',628,0),('d001','2021-10-03 10:19:44.000000',628,0),('d001','2021-10-03 10:19:45.000000',629,0),('d001','2021-10-03 10:19:46.000000',628,0),('d001','2021-10-03 10:19:47.000000',628,0),('d001','2021-10-03 10:19:48.000000',628,0),('d001','2021-10-03 10:19:49.000000',628,0),('d001','2021-10-03 10:19:50.000000',629,0),('d001','2021-10-03 10:19:51.000000',628,0),('d001','2021-10-03 10:19:52.000000',628,0),('d001','2021-10-03 10:19:53.000000',628,0),('d001','2021-10-03 10:19:54.000000',628,0),('d001','2021-10-03 10:19:55.000000',628,0),('d001','2021-10-03 10:19:56.000000',628,0),('d001','2021-10-03 10:19:57.000000',628,0),('d001','2021-10-03 10:19:58.000000',628,0),('d001','2021-10-03 10:19:59.000000',628,0),('d001','2021-10-03 10:20:00.000000',628,0),('d001','2021-10-03 10:20:01.000000',628,0),('d001','2021-10-03 10:20:02.000000',628,0),('d001','2021-10-03 10:20:03.000000',628,0),('d001','2021-10-03 10:20:04.000000',628,0),('d001','2021-10-03 10:20:05.000000',628,0),('d001','2021-10-03 10:20:06.000000',628,0),('d001','2021-10-03 10:20:07.000000',628,0),('d001','2021-10-03 10:20:08.000000',628,0),('d001','2021-10-03 10:20:09.000000',628,0),('d001','2021-10-03 10:20:10.000000',628,0),('d001','2021-10-03 10:20:11.000000',628,0),('d001','2021-10-03 10:20:12.000000',628,0),('d001','2021-10-03 10:20:13.000000',628,0),('d001','2021-10-03 10:20:14.000000',628,0),('d001','2021-10-03 10:20:15.000000',628,0),('d001','2021-10-03 10:20:16.000000',628,0),('d001','2021-10-03 10:20:17.000000',628,0),('d001','2021-10-03 10:20:18.000000',624,0),('d001','2021-10-03 10:20:19.000000',628,0),('d001','2021-10-03 10:20:20.000000',628,0),('d001','2021-10-03 10:20:21.000000',628,0),('d001','2021-10-03 10:20:22.000000',628,0),('d001','2021-10-03 10:20:23.000000',629,0),('d001','2021-10-03 10:20:24.000000',629,0),('d001','2021-10-03 10:20:25.000000',628,0),('d001','2021-10-03 10:20:26.000000',628,0),('d001','2021-10-03 10:20:27.000000',629,0),('d001','2021-10-03 10:20:28.000000',628,0),('d001','2021-10-03 10:20:29.000000',628,0),('d001','2021-10-03 10:20:30.000000',628,0),('d001','2021-10-03 10:20:31.000000',628,0),('d001','2021-10-03 10:20:32.000000',628,0),('d001','2021-10-03 10:20:33.000000',628,0),('d001','2021-10-03 10:20:34.000000',628,0),('d001','2021-10-03 10:20:35.000000',628,0),('d001','2021-10-03 10:20:36.000000',628,0),('d001','2021-10-03 10:20:37.000000',628,0);
/*!40000 ALTER TABLE `light` ENABLE KEYS */;
UNLOCK TABLES;

--
-- Table structure for table `manu`
--

DROP TABLE IF EXISTS `manu`;
/*!40101 SET @saved_cs_client     = @@character_set_client */;
/*!50503 SET character_set_client = utf8mb4 */;
CREATE TABLE `manu` (
  `m_manuId` varchar(45) NOT NULL,
  `m_manuPassword` varchar(45) NOT NULL,
  `m_manuName` varchar(45) NOT NULL,
  PRIMARY KEY (`m_manuId`)
) ENGINE=InnoDB DEFAULT CHARSET=utf8mb3;
/*!40101 SET character_set_client = @saved_cs_client */;

--
-- Dumping data for table `manu`
--

LOCK TABLES `manu` WRITE;
/*!40000 ALTER TABLE `manu` DISABLE KEYS */;
INSERT INTO `manu` VALUES ('m001','96e79218965eb72c92a549dd5a330112','xiaomi'),('m002','96e79218965eb72c92a549dd5a330112','HUAWEI');
/*!40000 ALTER TABLE `manu` ENABLE KEYS */;
UNLOCK TABLES;

--
-- Table structure for table `temphumi`
--

DROP TABLE IF EXISTS `temphumi`;
/*!40101 SET @saved_cs_client     = @@character_set_client */;
/*!50503 SET character_set_client = utf8mb4 */;
CREATE TABLE `temphumi` (
  `th_设备号` varchar(45) NOT NULL,
  `th_时间` datetime(6) NOT NULL,
  `th_温度` int NOT NULL,
  `th_湿度` int NOT NULL,
  `th_isDeleted` int NOT NULL,
  PRIMARY KEY (`th_设备号`,`th_时间`),
  CONSTRAINT `th_deviceId` FOREIGN KEY (`th_设备号`) REFERENCES `device` (`d_设备号`)
) ENGINE=InnoDB DEFAULT CHARSET=utf8mb3;
/*!40101 SET character_set_client = @saved_cs_client */;

--
-- Dumping data for table `temphumi`
--

LOCK TABLES `temphumi` WRITE;
/*!40000 ALTER TABLE `temphumi` DISABLE KEYS */;
INSERT INTO `temphumi` VALUES ('d001','2021-10-03 09:59:02.000000',25,73,0),('d001','2021-10-03 09:59:03.000000',25,73,0),('d001','2021-10-03 09:59:04.000000',25,73,0),('d001','2021-10-03 09:59:05.000000',25,73,0),('d001','2021-10-03 09:59:06.000000',25,73,0),('d001','2021-10-03 09:59:07.000000',25,73,0),('d001','2021-10-03 09:59:08.000000',25,73,0),('d001','2021-10-03 09:59:09.000000',25,73,0),('d001','2021-10-03 09:59:10.000000',25,73,0),('d001','2021-10-03 09:59:11.000000',25,73,0),('d001','2021-10-03 09:59:12.000000',25,73,0),('d001','2021-10-03 09:59:13.000000',25,73,0),('d001','2021-10-03 09:59:14.000000',25,73,0),('d001','2021-10-03 09:59:15.000000',25,73,0),('d001','2021-10-03 09:59:16.000000',25,73,0),('d001','2021-10-03 09:59:17.000000',25,73,0),('d001','2021-10-03 09:59:18.000000',25,73,0),('d001','2021-10-03 09:59:19.000000',25,105,0),('d001','2021-10-03 09:59:20.000000',25,73,0),('d001','2021-10-03 09:59:21.000000',25,73,0),('d001','2021-10-03 09:59:22.000000',25,73,0),('d001','2021-10-03 09:59:23.000000',25,73,0),('d001','2021-10-03 09:59:24.000000',25,73,0),('d001','2021-10-03 09:59:25.000000',25,73,0),('d001','2021-10-03 09:59:26.000000',25,73,0),('d001','2021-10-03 09:59:27.000000',25,73,0),('d001','2021-10-03 09:59:28.000000',25,73,0),('d001','2021-10-03 09:59:29.000000',25,73,0),('d001','2021-10-03 09:59:30.000000',26,73,0),('d001','2021-10-03 09:59:31.000000',26,73,0),('d001','2021-10-03 09:59:32.000000',26,73,0),('d001','2021-10-03 09:59:33.000000',26,73,0),('d001','2021-10-03 09:59:34.000000',26,73,0),('d001','2021-10-03 09:59:35.000000',26,73,0),('d001','2021-10-03 09:59:36.000000',26,73,0),('d001','2021-10-03 09:59:37.000000',26,73,0),('d001','2021-10-03 09:59:38.000000',26,73,0),('d001','2021-10-03 09:59:39.000000',26,73,0),('d001','2021-10-03 09:59:40.000000',26,73,0),('d001','2021-10-03 09:59:41.000000',26,73,0),('d001','2021-10-03 09:59:42.000000',26,73,0),('d001','2021-10-03 09:59:43.000000',26,73,0),('d001','2021-10-03 09:59:44.000000',26,73,0),('d001','2021-10-03 09:59:45.000000',26,73,0),('d001','2021-10-03 09:59:46.000000',26,73,0),('d001','2021-10-03 09:59:47.000000',26,73,0),('d001','2021-10-03 09:59:48.000000',26,73,0),('d001','2021-10-03 09:59:49.000000',26,73,0),('d001','2021-10-03 09:59:50.000000',26,73,0),('d001','2021-10-03 09:59:51.000000',26,73,0),('d001','2021-10-03 09:59:52.000000',26,73,0),('d001','2021-10-03 09:59:53.000000',26,73,0),('d001','2021-10-03 09:59:54.000000',26,73,0),('d001','2021-10-03 09:59:55.000000',26,73,0),('d001','2021-10-03 09:59:56.000000',26,73,0),('d001','2021-10-03 09:59:57.000000',26,73,0),('d001','2021-10-03 09:59:58.000000',26,73,0),('d001','2021-10-03 09:59:59.000000',26,73,0),('d001','2021-10-03 10:00:00.000000',26,73,0),('d001','2021-10-03 10:00:01.000000',26,73,0),('d001','2021-10-03 10:00:02.000000',26,73,0),('d001','2021-10-03 10:00:03.000000',26,73,0),('d001','2021-10-03 10:00:04.000000',26,73,0),('d001','2021-10-03 10:00:05.000000',26,73,0),('d001','2021-10-03 10:00:06.000000',26,73,0),('d001','2021-10-03 10:00:07.000000',26,73,0),('d001','2021-10-03 10:00:08.000000',26,73,0),('d001','2021-10-03 10:00:09.000000',26,73,0),('d001','2021-10-03 10:00:10.000000',26,73,0),('d001','2021-10-03 10:00:11.000000',26,73,0),('d001','2021-10-03 10:00:12.000000',26,73,0),('d001','2021-10-03 10:00:13.000000',26,73,0),('d001','2021-10-03 10:00:14.000000',26,73,0),('d001','2021-10-03 10:00:15.000000',26,73,0),('d001','2021-10-03 10:00:16.000000',26,73,0),('d001','2021-10-03 10:00:17.000000',26,73,0),('d001','2021-10-03 10:00:18.000000',26,73,0),('d001','2021-10-03 10:00:19.000000',26,73,0),('d001','2021-10-03 10:00:20.000000',26,73,0),('d001','2021-10-03 10:00:21.000000',26,73,0),('d001','2021-10-03 10:00:22.000000',26,73,0),('d001','2021-10-03 10:00:23.000000',26,73,0),('d001','2021-10-03 10:00:24.000000',26,73,0),('d001','2021-10-03 10:00:25.000000',26,73,0),('d001','2021-10-03 10:00:26.000000',26,73,0),('d001','2021-10-03 10:00:27.000000',26,73,0),('d001','2021-10-03 10:00:28.000000',26,73,0),('d001','2021-10-03 10:00:29.000000',26,73,0),('d001','2021-10-03 10:00:30.000000',26,73,0),('d001','2021-10-03 10:00:31.000000',26,73,0),('d001','2021-10-03 10:00:32.000000',26,73,0),('d001','2021-10-03 10:00:33.000000',26,73,0),('d001','2021-10-03 10:00:34.000000',26,73,0),('d001','2021-10-03 10:00:35.000000',26,73,0),('d001','2021-10-03 10:00:36.000000',26,73,0),('d001','2021-10-03 10:00:37.000000',26,73,0),('d001','2021-10-03 10:00:38.000000',26,73,0),('d001','2021-10-03 10:00:39.000000',26,73,0),('d001','2021-10-03 10:00:40.000000',26,73,0),('d001','2021-10-03 10:00:41.000000',26,73,0),('d001','2021-10-03 10:00:42.000000',26,73,0),('d001','2021-10-03 10:00:43.000000',26,73,0),('d001','2021-10-03 10:00:44.000000',26,73,0),('d001','2021-10-03 10:00:45.000000',26,73,0),('d001','2021-10-03 10:00:46.000000',26,73,0),('d001','2021-10-03 10:00:47.000000',26,73,0),('d001','2021-10-03 10:00:48.000000',26,73,0),('d001','2021-10-03 10:00:49.000000',26,73,0),('d001','2021-10-03 10:00:50.000000',26,73,0),('d001','2021-10-03 10:00:51.000000',26,73,0),('d001','2021-10-03 10:00:52.000000',26,73,0),('d001','2021-10-03 10:00:53.000000',26,73,0),('d001','2021-10-03 10:00:54.000000',26,73,0),('d001','2021-10-03 10:00:55.000000',26,73,0),('d001','2021-10-03 10:00:56.000000',26,73,0),('d001','2021-10-03 10:00:57.000000',26,73,0),('d001','2021-10-03 10:00:58.000000',26,73,0),('d001','2021-10-03 10:00:59.000000',26,73,0),('d001','2021-10-03 10:01:00.000000',26,73,0),('d001','2021-10-03 10:01:01.000000',26,73,0),('d001','2021-10-03 10:01:02.000000',26,73,0),('d001','2021-10-03 10:01:03.000000',26,73,0),('d001','2021-10-03 10:01:04.000000',26,73,0),('d001','2021-10-03 10:01:05.000000',26,73,0),('d001','2021-10-03 10:01:06.000000',26,73,0),('d001','2021-10-03 10:01:07.000000',26,73,0),('d001','2021-10-03 10:01:08.000000',26,73,0),('d001','2021-10-03 10:01:09.000000',26,73,0),('d001','2021-10-03 10:01:10.000000',26,73,0),('d001','2021-10-03 10:01:11.000000',26,73,0),('d001','2021-10-03 10:01:12.000000',26,73,0),('d001','2021-10-03 10:01:13.000000',26,73,0),('d001','2021-10-03 10:01:14.000000',26,73,0),('d001','2021-10-03 10:01:15.000000',26,73,0),('d001','2021-10-03 10:01:16.000000',26,73,0),('d001','2021-10-03 10:01:17.000000',26,73,0),('d001','2021-10-03 10:01:18.000000',26,73,0),('d001','2021-10-03 10:01:19.000000',26,73,0),('d001','2021-10-03 10:01:20.000000',26,73,0),('d001','2021-10-03 10:01:21.000000',26,73,0),('d001','2021-10-03 10:01:22.000000',26,73,0),('d001','2021-10-03 10:01:23.000000',26,73,0),('d001','2021-10-03 10:01:24.000000',26,73,0),('d001','2021-10-03 10:01:25.000000',26,73,0),('d001','2021-10-03 10:01:26.000000',26,73,0),('d001','2021-10-03 10:01:27.000000',26,73,0),('d001','2021-10-03 10:01:28.000000',26,73,0),('d001','2021-10-03 10:01:29.000000',26,73,0),('d001','2021-10-03 10:01:30.000000',26,73,0),('d001','2021-10-03 10:01:31.000000',26,73,0),('d001','2021-10-03 10:01:32.000000',26,73,0),('d001','2021-10-03 10:01:33.000000',26,73,0),('d001','2021-10-03 10:01:34.000000',26,73,0),('d001','2021-10-03 10:01:35.000000',26,73,0),('d001','2021-10-03 10:01:36.000000',26,73,0),('d001','2021-10-03 10:01:37.000000',26,73,0),('d001','2021-10-03 10:01:38.000000',26,73,0),('d001','2021-10-03 10:01:39.000000',26,73,0),('d001','2021-10-03 10:01:40.000000',26,73,0),('d001','2021-10-03 10:01:41.000000',26,73,0),('d001','2021-10-03 10:01:42.000000',26,73,0),('d001','2021-10-03 10:01:43.000000',26,73,0),('d001','2021-10-03 10:01:44.000000',26,73,0),('d001','2021-10-03 10:01:45.000000',26,73,0),('d001','2021-10-03 10:01:46.000000',26,73,0),('d001','2021-10-03 10:01:47.000000',26,73,0),('d001','2021-10-03 10:01:48.000000',26,73,0),('d001','2021-10-03 10:01:49.000000',26,73,0),('d001','2021-10-03 10:01:50.000000',26,73,0),('d001','2021-10-03 10:01:51.000000',26,73,0),('d001','2021-10-03 10:01:52.000000',26,73,0),('d001','2021-10-03 10:01:53.000000',26,73,0),('d001','2021-10-03 10:01:54.000000',26,73,0),('d001','2021-10-03 10:01:55.000000',26,73,0),('d001','2021-10-03 10:01:56.000000',26,73,0),('d001','2021-10-03 10:01:57.000000',26,73,0),('d001','2021-10-03 10:01:58.000000',26,73,0),('d001','2021-10-03 10:01:59.000000',26,73,0),('d001','2021-10-03 10:02:00.000000',26,73,0),('d001','2021-10-03 10:02:01.000000',26,73,0),('d001','2021-10-03 10:02:02.000000',26,73,0),('d001','2021-10-03 10:02:03.000000',26,73,0),('d001','2021-10-03 10:02:04.000000',26,73,0),('d001','2021-10-03 10:02:05.000000',26,73,0),('d001','2021-10-03 10:02:06.000000',26,73,0),('d001','2021-10-03 10:02:07.000000',26,73,0),('d001','2021-10-03 10:02:08.000000',26,73,0),('d001','2021-10-03 10:02:09.000000',26,73,0),('d001','2021-10-03 10:02:10.000000',26,73,0),('d001','2021-10-03 10:02:11.000000',26,73,0),('d001','2021-10-03 10:02:12.000000',26,73,0),('d001','2021-10-03 10:02:13.000000',26,73,0),('d001','2021-10-03 10:02:14.000000',26,73,0),('d001','2021-10-03 10:02:15.000000',26,73,0),('d001','2021-10-03 10:02:16.000000',26,73,0),('d001','2021-10-03 10:02:17.000000',26,73,0),('d001','2021-10-03 10:02:18.000000',26,73,0),('d001','2021-10-03 10:02:19.000000',26,73,0),('d001','2021-10-03 10:02:20.000000',26,73,0),('d001','2021-10-03 10:02:21.000000',26,73,0),('d001','2021-10-03 10:02:22.000000',26,73,0),('d001','2021-10-03 10:02:23.000000',26,73,0),('d001','2021-10-03 10:02:24.000000',26,73,0),('d001','2021-10-03 10:02:25.000000',26,73,0),('d001','2021-10-03 10:02:26.000000',26,73,0),('d001','2021-10-03 10:02:27.000000',26,73,0),('d001','2021-10-03 10:02:28.000000',26,73,0),('d001','2021-10-03 10:02:29.000000',26,73,0),('d001','2021-10-03 10:02:30.000000',26,73,0),('d001','2021-10-03 10:02:31.000000',26,73,0),('d001','2021-10-03 10:02:32.000000',26,73,0),('d001','2021-10-03 10:02:33.000000',26,73,0),('d001','2021-10-03 10:02:34.000000',26,73,0),('d001','2021-10-03 10:02:35.000000',26,73,0),('d001','2021-10-03 10:02:36.000000',26,73,0),('d001','2021-10-03 10:02:37.000000',26,73,0),('d001','2021-10-03 10:02:38.000000',26,73,0),('d001','2021-10-03 10:02:39.000000',26,73,0),('d001','2021-10-03 10:02:40.000000',26,73,0),('d001','2021-10-03 10:02:41.000000',26,73,0),('d001','2021-10-03 10:02:42.000000',26,73,0),('d001','2021-10-03 10:02:43.000000',26,73,0),('d001','2021-10-03 10:02:44.000000',26,73,0),('d001','2021-10-03 10:02:45.000000',26,73,0),('d001','2021-10-03 10:02:46.000000',26,73,0),('d001','2021-10-03 10:02:47.000000',26,73,0),('d001','2021-10-03 10:02:48.000000',26,73,0),('d001','2021-10-03 10:02:49.000000',26,73,0),('d001','2021-10-03 10:02:50.000000',26,73,0),('d001','2021-10-03 10:02:51.000000',26,73,0),('d001','2021-10-03 10:02:52.000000',26,73,0),('d001','2021-10-03 10:02:53.000000',26,73,0),('d001','2021-10-03 10:02:54.000000',26,73,0),('d001','2021-10-03 10:02:55.000000',26,73,0),('d001','2021-10-03 10:02:56.000000',26,73,0),('d001','2021-10-03 10:02:57.000000',26,73,0),('d001','2021-10-03 10:02:58.000000',26,73,0),('d001','2021-10-03 10:02:59.000000',26,73,0),('d001','2021-10-03 10:03:00.000000',26,73,0),('d001','2021-10-03 10:03:01.000000',26,73,0),('d001','2021-10-03 10:03:02.000000',26,73,0),('d001','2021-10-03 10:03:03.000000',26,73,0),('d001','2021-10-03 10:03:04.000000',26,73,0),('d001','2021-10-03 10:03:05.000000',26,73,0),('d001','2021-10-03 10:03:06.000000',26,73,0),('d001','2021-10-03 10:03:07.000000',26,73,0),('d001','2021-10-03 10:03:08.000000',26,73,0),('d001','2021-10-03 10:03:09.000000',26,73,0),('d001','2021-10-03 10:03:10.000000',26,73,0),('d001','2021-10-03 10:03:11.000000',26,73,0),('d001','2021-10-03 10:03:12.000000',26,73,0),('d001','2021-10-03 10:03:13.000000',26,73,0),('d001','2021-10-03 10:03:14.000000',26,73,0),('d001','2021-10-03 10:03:15.000000',26,73,0),('d001','2021-10-03 10:03:16.000000',26,73,0),('d001','2021-10-03 10:03:17.000000',26,73,0),('d001','2021-10-03 10:03:18.000000',26,73,0),('d001','2021-10-03 10:03:19.000000',26,73,0),('d001','2021-10-03 10:03:20.000000',26,73,0),('d001','2021-10-03 10:03:21.000000',26,73,0),('d001','2021-10-03 10:03:22.000000',26,73,0),('d001','2021-10-03 10:03:23.000000',26,73,0),('d001','2021-10-03 10:03:24.000000',26,73,0),('d001','2021-10-03 10:03:25.000000',26,73,0),('d001','2021-10-03 10:03:26.000000',26,73,0),('d001','2021-10-03 10:03:27.000000',26,73,0),('d001','2021-10-03 10:03:28.000000',26,73,0),('d001','2021-10-03 10:03:29.000000',26,73,0),('d001','2021-10-03 10:03:30.000000',26,73,0),('d001','2021-10-03 10:03:31.000000',26,73,0),('d001','2021-10-03 10:03:32.000000',26,73,0),('d001','2021-10-03 10:03:33.000000',26,73,0),('d001','2021-10-03 10:03:34.000000',26,73,0),('d001','2021-10-03 10:03:35.000000',26,73,0),('d001','2021-10-03 10:03:36.000000',26,73,0),('d001','2021-10-03 10:03:37.000000',26,73,0),('d001','2021-10-03 10:03:38.000000',26,73,0),('d001','2021-10-03 10:03:39.000000',26,73,0),('d001','2021-10-03 10:03:40.000000',26,73,0),('d001','2021-10-03 10:03:41.000000',26,73,0),('d001','2021-10-03 10:03:42.000000',26,73,0),('d001','2021-10-03 10:03:43.000000',26,73,0),('d001','2021-10-03 10:03:44.000000',26,73,0),('d001','2021-10-03 10:03:45.000000',26,73,0),('d001','2021-10-03 10:03:46.000000',26,73,0),('d001','2021-10-03 10:03:47.000000',26,73,0),('d001','2021-10-03 10:03:48.000000',26,73,0),('d001','2021-10-03 10:03:49.000000',26,73,0),('d001','2021-10-03 10:03:50.000000',26,73,0),('d001','2021-10-03 10:03:51.000000',26,73,0),('d001','2021-10-03 10:03:52.000000',26,73,0),('d001','2021-10-03 10:03:53.000000',26,73,0),('d001','2021-10-03 10:03:54.000000',26,73,0),('d001','2021-10-03 10:03:55.000000',26,73,0),('d001','2021-10-03 10:03:56.000000',26,73,0),('d001','2021-10-03 10:03:57.000000',26,73,0),('d001','2021-10-03 10:03:58.000000',26,73,0),('d001','2021-10-03 10:03:59.000000',26,73,0),('d001','2021-10-03 10:04:00.000000',26,73,0),('d001','2021-10-03 10:04:01.000000',26,73,0),('d001','2021-10-03 10:04:02.000000',26,73,0),('d001','2021-10-03 10:04:03.000000',26,73,0),('d001','2021-10-03 10:04:04.000000',26,73,0),('d001','2021-10-03 10:04:05.000000',26,73,0),('d001','2021-10-03 10:04:06.000000',26,73,0),('d001','2021-10-03 10:04:07.000000',26,73,0),('d001','2021-10-03 10:04:08.000000',26,73,0),('d001','2021-10-03 10:04:09.000000',26,73,0),('d001','2021-10-03 10:04:10.000000',26,73,0),('d001','2021-10-03 10:04:11.000000',26,73,0),('d001','2021-10-03 10:04:12.000000',26,73,0),('d001','2021-10-03 10:04:13.000000',26,73,0),('d001','2021-10-03 10:04:14.000000',26,73,0),('d001','2021-10-03 10:04:15.000000',26,73,0),('d001','2021-10-03 10:04:16.000000',26,73,0),('d001','2021-10-03 10:04:17.000000',26,73,0),('d001','2021-10-03 10:04:18.000000',26,73,0),('d001','2021-10-03 10:04:19.000000',26,201,0),('d001','2021-10-03 10:04:20.000000',26,73,0),('d001','2021-10-03 10:04:21.000000',26,73,0),('d001','2021-10-03 10:04:22.000000',26,73,0),('d001','2021-10-03 10:04:23.000000',26,73,0),('d001','2021-10-03 10:04:24.000000',26,73,0),('d001','2021-10-03 10:04:25.000000',26,73,0),('d001','2021-10-03 10:04:26.000000',26,73,0),('d001','2021-10-03 10:04:27.000000',26,73,0),('d001','2021-10-03 10:04:28.000000',26,73,0),('d001','2021-10-03 10:04:29.000000',26,73,0),('d001','2021-10-03 10:04:30.000000',26,73,0),('d001','2021-10-03 10:04:31.000000',26,73,0),('d001','2021-10-03 10:04:32.000000',26,73,0),('d001','2021-10-03 10:04:33.000000',26,73,0),('d001','2021-10-03 10:04:34.000000',26,73,0),('d001','2021-10-03 10:04:35.000000',26,73,0),('d001','2021-10-03 10:04:36.000000',26,73,0),('d001','2021-10-03 10:04:37.000000',26,73,0),('d001','2021-10-03 10:04:38.000000',26,73,0),('d001','2021-10-03 10:04:39.000000',26,73,0),('d001','2021-10-03 10:04:40.000000',26,73,0),('d001','2021-10-03 10:04:41.000000',26,73,0),('d001','2021-10-03 10:04:42.000000',26,73,0),('d001','2021-10-03 10:04:43.000000',26,73,0),('d001','2021-10-03 10:04:44.000000',26,73,0),('d001','2021-10-03 10:04:45.000000',26,73,0),('d001','2021-10-03 10:04:46.000000',26,73,0),('d001','2021-10-03 10:04:47.000000',26,73,0),('d001','2021-10-03 10:04:48.000000',26,73,0),('d001','2021-10-03 10:04:49.000000',26,73,0),('d001','2021-10-03 10:04:50.000000',26,73,0),('d001','2021-10-03 10:04:51.000000',26,73,0),('d001','2021-10-03 10:04:52.000000',26,73,0),('d001','2021-10-03 10:04:53.000000',26,73,0),('d001','2021-10-03 10:04:54.000000',26,73,0),('d001','2021-10-03 10:04:55.000000',26,73,0),('d001','2021-10-03 10:04:56.000000',26,73,0),('d001','2021-10-03 10:04:57.000000',26,73,0),('d001','2021-10-03 10:04:58.000000',26,73,0),('d001','2021-10-03 10:04:59.000000',26,73,0),('d001','2021-10-03 10:05:00.000000',26,73,0),('d001','2021-10-03 10:05:01.000000',26,73,0),('d001','2021-10-03 10:05:02.000000',26,73,0),('d001','2021-10-03 10:05:03.000000',26,73,0),('d001','2021-10-03 10:05:04.000000',26,73,0),('d001','2021-10-03 10:05:05.000000',26,73,0),('d001','2021-10-03 10:05:06.000000',26,73,0),('d001','2021-10-03 10:05:07.000000',26,73,0),('d001','2021-10-03 10:05:08.000000',26,73,0),('d001','2021-10-03 10:05:09.000000',26,73,0),('d001','2021-10-03 10:05:10.000000',26,73,0),('d001','2021-10-03 10:05:11.000000',26,73,0),('d001','2021-10-03 10:05:12.000000',26,73,0),('d001','2021-10-03 10:05:13.000000',26,73,0),('d001','2021-10-03 10:05:14.000000',26,73,0),('d001','2021-10-03 10:05:15.000000',26,73,0),('d001','2021-10-03 10:05:16.000000',26,73,0),('d001','2021-10-03 10:05:17.000000',26,73,0),('d001','2021-10-03 10:05:18.000000',26,73,0),('d001','2021-10-03 10:05:19.000000',26,73,0),('d001','2021-10-03 10:05:20.000000',26,73,0),('d001','2021-10-03 10:05:21.000000',26,73,0),('d001','2021-10-03 10:05:22.000000',26,73,0),('d001','2021-10-03 10:05:23.000000',26,73,0),('d001','2021-10-03 10:05:24.000000',26,73,0),('d001','2021-10-03 10:05:25.000000',26,73,0),('d001','2021-10-03 10:05:26.000000',26,73,0),('d001','2021-10-03 10:05:27.000000',26,73,0),('d001','2021-10-03 10:05:28.000000',26,73,0),('d001','2021-10-03 10:05:29.000000',26,73,0),('d001','2021-10-03 10:05:30.000000',26,73,0),('d001','2021-10-03 10:05:31.000000',26,73,0),('d001','2021-10-03 10:05:32.000000',26,73,0),('d001','2021-10-03 10:05:33.000000',26,73,0),('d001','2021-10-03 10:05:34.000000',26,73,0),('d001','2021-10-03 10:05:35.000000',26,73,0),('d001','2021-10-03 10:05:36.000000',26,73,0),('d001','2021-10-03 10:05:37.000000',26,73,0),('d001','2021-10-03 10:05:38.000000',26,73,0),('d001','2021-10-03 10:05:39.000000',26,73,0),('d001','2021-10-03 10:05:40.000000',26,73,0),('d001','2021-10-03 10:05:41.000000',26,73,0),('d001','2021-10-03 10:05:42.000000',26,73,0),('d001','2021-10-03 10:05:43.000000',26,73,0),('d001','2021-10-03 10:05:44.000000',26,73,0),('d001','2021-10-03 10:05:45.000000',26,73,0),('d001','2021-10-03 10:05:46.000000',26,73,0),('d001','2021-10-03 10:05:47.000000',26,73,0),('d001','2021-10-03 10:05:48.000000',26,73,0),('d001','2021-10-03 10:05:49.000000',26,73,0),('d001','2021-10-03 10:05:50.000000',26,73,0),('d001','2021-10-03 10:05:51.000000',26,73,0),('d001','2021-10-03 10:05:52.000000',26,73,0),('d001','2021-10-03 10:05:53.000000',26,73,0),('d001','2021-10-03 10:05:54.000000',26,73,0),('d001','2021-10-03 10:05:55.000000',26,73,0),('d001','2021-10-03 10:05:56.000000',26,73,0),('d001','2021-10-03 10:05:57.000000',26,73,0),('d001','2021-10-03 10:05:58.000000',26,73,0),('d001','2021-10-03 10:05:59.000000',26,73,0),('d001','2021-10-03 10:06:00.000000',26,73,0),('d001','2021-10-03 10:06:01.000000',26,73,0),('d001','2021-10-03 10:06:02.000000',26,73,0),('d001','2021-10-03 10:06:03.000000',26,73,0),('d001','2021-10-03 10:06:04.000000',26,73,0),('d001','2021-10-03 10:06:05.000000',26,73,0),('d001','2021-10-03 10:06:06.000000',26,73,0),('d001','2021-10-03 10:06:07.000000',26,73,0),('d001','2021-10-03 10:06:08.000000',26,73,0),('d001','2021-10-03 10:06:09.000000',26,73,0),('d001','2021-10-03 10:06:10.000000',26,73,0),('d001','2021-10-03 10:06:11.000000',26,73,0),('d001','2021-10-03 10:06:12.000000',26,73,0),('d001','2021-10-03 10:06:13.000000',26,73,0),('d001','2021-10-03 10:06:14.000000',26,73,0),('d001','2021-10-03 10:06:15.000000',26,73,0),('d001','2021-10-03 10:06:16.000000',26,73,0),('d001','2021-10-03 10:06:17.000000',26,73,0),('d001','2021-10-03 10:06:18.000000',26,73,0),('d001','2021-10-03 10:06:19.000000',26,73,0),('d001','2021-10-03 10:06:20.000000',26,73,0),('d001','2021-10-03 10:06:21.000000',26,73,0),('d001','2021-10-03 10:06:22.000000',26,73,0),('d001','2021-10-03 10:06:23.000000',26,73,0),('d001','2021-10-03 10:06:24.000000',26,73,0),('d001','2021-10-03 10:06:25.000000',26,73,0),('d001','2021-10-03 10:06:26.000000',26,73,0),('d001','2021-10-03 10:06:27.000000',27,73,0),('d001','2021-10-03 10:06:28.000000',26,73,0),('d001','2021-10-03 10:06:29.000000',26,73,0),('d001','2021-10-03 10:06:30.000000',26,73,0),('d001','2021-10-03 10:06:31.000000',26,73,0),('d001','2021-10-03 10:06:32.000000',26,73,0),('d001','2021-10-03 10:06:33.000000',26,73,0),('d001','2021-10-03 10:06:34.000000',26,73,0),('d001','2021-10-03 10:06:35.000000',26,73,0),('d001','2021-10-03 10:06:36.000000',26,73,0),('d001','2021-10-03 10:06:37.000000',26,73,0),('d001','2021-10-03 10:06:38.000000',26,73,0),('d001','2021-10-03 10:06:39.000000',26,73,0),('d001','2021-10-03 10:06:40.000000',26,73,0),('d001','2021-10-03 10:06:41.000000',26,73,0),('d001','2021-10-03 10:06:42.000000',26,73,0),('d001','2021-10-03 10:06:43.000000',26,73,0),('d001','2021-10-03 10:06:44.000000',26,73,0),('d001','2021-10-03 10:06:45.000000',26,73,0),('d001','2021-10-03 10:06:46.000000',26,73,0),('d001','2021-10-03 10:06:47.000000',26,73,0),('d001','2021-10-03 10:06:48.000000',26,73,0),('d001','2021-10-03 10:06:49.000000',26,73,0),('d001','2021-10-03 10:06:50.000000',26,73,0),('d001','2021-10-03 10:06:51.000000',26,73,0),('d001','2021-10-03 10:06:52.000000',26,73,0),('d001','2021-10-03 10:06:53.000000',26,73,0),('d001','2021-10-03 10:06:54.000000',26,73,0),('d001','2021-10-03 10:06:55.000000',26,73,0),('d001','2021-10-03 10:06:56.000000',26,73,0),('d001','2021-10-03 10:06:57.000000',26,73,0),('d001','2021-10-03 10:06:58.000000',26,73,0),('d001','2021-10-03 10:06:59.000000',26,73,0),('d001','2021-10-03 10:07:00.000000',26,73,0),('d001','2021-10-03 10:07:01.000000',26,73,0),('d001','2021-10-03 10:07:02.000000',26,73,0),('d001','2021-10-03 10:07:03.000000',26,73,0),('d001','2021-10-03 10:07:04.000000',26,73,0),('d001','2021-10-03 10:07:05.000000',26,73,0),('d001','2021-10-03 10:07:06.000000',26,73,0),('d001','2021-10-03 10:07:07.000000',26,73,0),('d001','2021-10-03 10:07:08.000000',26,73,0),('d001','2021-10-03 10:07:09.000000',26,73,0),('d001','2021-10-03 10:07:10.000000',26,73,0),('d001','2021-10-03 10:07:11.000000',26,73,0),('d001','2021-10-03 10:07:12.000000',26,73,0),('d001','2021-10-03 10:07:13.000000',26,73,0),('d001','2021-10-03 10:07:14.000000',26,73,0),('d001','2021-10-03 10:07:15.000000',26,73,0),('d001','2021-10-03 10:07:16.000000',26,73,0),('d001','2021-10-03 10:07:17.000000',26,73,0),('d001','2021-10-03 10:07:18.000000',26,73,0),('d001','2021-10-03 10:07:19.000000',26,73,0),('d001','2021-10-03 10:07:20.000000',26,73,0),('d001','2021-10-03 10:07:21.000000',26,73,0),('d001','2021-10-03 10:07:22.000000',26,73,0),('d001','2021-10-03 10:07:23.000000',26,73,0),('d001','2021-10-03 10:07:24.000000',26,73,0),('d001','2021-10-03 10:07:25.000000',26,73,0),('d001','2021-10-03 10:07:26.000000',26,73,0),('d001','2021-10-03 10:07:27.000000',26,73,0),('d001','2021-10-03 10:07:28.000000',26,73,0),('d001','2021-10-03 10:07:29.000000',26,73,0),('d001','2021-10-03 10:07:30.000000',26,73,0),('d001','2021-10-03 10:07:31.000000',26,73,0),('d001','2021-10-03 10:07:32.000000',26,73,0),('d001','2021-10-03 10:07:33.000000',26,73,0),('d001','2021-10-03 10:07:34.000000',26,73,0),('d001','2021-10-03 10:07:35.000000',26,73,0),('d001','2021-10-03 10:07:36.000000',26,73,0),('d001','2021-10-03 10:07:37.000000',26,73,0),('d001','2021-10-03 10:07:38.000000',26,73,0),('d001','2021-10-03 10:07:39.000000',26,73,0),('d001','2021-10-03 10:07:40.000000',26,73,0),('d001','2021-10-03 10:07:41.000000',26,73,0),('d001','2021-10-03 10:07:42.000000',26,73,0),('d001','2021-10-03 10:07:43.000000',26,73,0),('d001','2021-10-03 10:07:44.000000',26,73,0),('d001','2021-10-03 10:07:45.000000',26,73,0),('d001','2021-10-03 10:07:46.000000',26,73,0),('d001','2021-10-03 10:07:47.000000',26,73,0),('d001','2021-10-03 10:07:48.000000',26,73,0),('d001','2021-10-03 10:07:49.000000',26,73,0),('d001','2021-10-03 10:07:50.000000',26,73,0),('d001','2021-10-03 10:07:51.000000',26,73,0),('d001','2021-10-03 10:07:52.000000',26,73,0),('d001','2021-10-03 10:07:53.000000',26,73,0),('d001','2021-10-03 10:07:54.000000',26,73,0),('d001','2021-10-03 10:07:55.000000',26,73,0),('d001','2021-10-03 10:07:56.000000',26,73,0),('d001','2021-10-03 10:07:57.000000',26,73,0),('d001','2021-10-03 10:07:58.000000',26,73,0),('d001','2021-10-03 10:07:59.000000',26,73,0),('d001','2021-10-03 10:08:00.000000',26,73,0),('d001','2021-10-03 10:08:01.000000',26,73,0),('d001','2021-10-03 10:08:02.000000',26,73,0),('d001','2021-10-03 10:08:03.000000',26,73,0),('d001','2021-10-03 10:08:04.000000',26,73,0),('d001','2021-10-03 10:08:05.000000',26,73,0),('d001','2021-10-03 10:08:06.000000',26,73,0),('d001','2021-10-03 10:08:07.000000',26,73,0),('d001','2021-10-03 10:08:08.000000',26,73,0),('d001','2021-10-03 10:08:09.000000',26,73,0),('d001','2021-10-03 10:08:10.000000',26,73,0),('d001','2021-10-03 10:08:11.000000',26,73,0),('d001','2021-10-03 10:08:12.000000',26,73,0),('d001','2021-10-03 10:08:13.000000',26,73,0),('d001','2021-10-03 10:08:14.000000',26,73,0),('d001','2021-10-03 10:08:15.000000',26,73,0),('d001','2021-10-03 10:08:16.000000',26,73,0),('d001','2021-10-03 10:08:17.000000',26,73,0),('d001','2021-10-03 10:08:18.000000',26,73,0),('d001','2021-10-03 10:08:19.000000',26,73,0),('d001','2021-10-03 10:08:20.000000',26,73,0),('d001','2021-10-03 10:08:21.000000',26,73,0),('d001','2021-10-03 10:08:22.000000',26,73,0),('d001','2021-10-03 10:08:23.000000',26,73,0),('d001','2021-10-03 10:08:24.000000',26,73,0),('d001','2021-10-03 10:08:25.000000',26,73,0),('d001','2021-10-03 10:08:26.000000',26,73,0),('d001','2021-10-03 10:08:27.000000',26,73,0),('d001','2021-10-03 10:08:28.000000',26,73,0),('d001','2021-10-03 10:08:29.000000',26,73,0),('d001','2021-10-03 10:08:30.000000',26,73,0),('d001','2021-10-03 10:08:31.000000',26,73,0),('d001','2021-10-03 10:08:32.000000',26,73,0),('d001','2021-10-03 10:08:33.000000',26,73,0),('d001','2021-10-03 10:08:34.000000',26,73,0),('d001','2021-10-03 10:08:35.000000',26,73,0),('d001','2021-10-03 10:08:36.000000',26,73,0),('d001','2021-10-03 10:08:37.000000',26,73,0),('d001','2021-10-03 10:08:38.000000',26,73,0),('d001','2021-10-03 10:08:39.000000',26,73,0),('d001','2021-10-03 10:08:40.000000',26,73,0),('d001','2021-10-03 10:08:41.000000',26,73,0),('d001','2021-10-03 10:08:42.000000',26,73,0),('d001','2021-10-03 10:08:43.000000',26,73,0),('d001','2021-10-03 10:08:44.000000',26,73,0),('d001','2021-10-03 10:08:45.000000',26,73,0),('d001','2021-10-03 10:08:46.000000',26,73,0),('d001','2021-10-03 10:08:47.000000',26,73,0),('d001','2021-10-03 10:08:48.000000',26,73,0),('d001','2021-10-03 10:08:49.000000',26,73,0),('d001','2021-10-03 10:08:50.000000',26,73,0),('d001','2021-10-03 10:08:51.000000',26,73,0),('d001','2021-10-03 10:08:52.000000',26,73,0),('d001','2021-10-03 10:08:53.000000',26,73,0),('d001','2021-10-03 10:08:54.000000',26,73,0),('d001','2021-10-03 10:08:55.000000',26,73,0),('d001','2021-10-03 10:08:56.000000',26,73,0),('d001','2021-10-03 10:08:57.000000',26,73,0),('d001','2021-10-03 10:08:58.000000',26,73,0),('d001','2021-10-03 10:08:59.000000',26,73,0),('d001','2021-10-03 10:09:00.000000',26,73,0),('d001','2021-10-03 10:09:01.000000',26,73,0),('d001','2021-10-03 10:09:02.000000',26,73,0),('d001','2021-10-03 10:09:03.000000',26,73,0),('d001','2021-10-03 10:09:04.000000',26,73,0),('d001','2021-10-03 10:09:05.000000',26,73,0),('d001','2021-10-03 10:09:06.000000',26,73,0),('d001','2021-10-03 10:09:07.000000',26,73,0),('d001','2021-10-03 10:09:08.000000',26,73,0),('d001','2021-10-03 10:09:09.000000',26,73,0),('d001','2021-10-03 10:09:10.000000',26,73,0),('d001','2021-10-03 10:09:11.000000',26,73,0),('d001','2021-10-03 10:09:12.000000',26,73,0),('d001','2021-10-03 10:09:13.000000',26,73,0),('d001','2021-10-03 10:09:14.000000',26,73,0),('d001','2021-10-03 10:09:15.000000',26,73,0),('d001','2021-10-03 10:09:16.000000',26,73,0),('d001','2021-10-03 10:09:17.000000',26,73,0),('d001','2021-10-03 10:09:18.000000',26,73,0),('d001','2021-10-03 10:09:19.000000',26,73,0),('d001','2021-10-03 10:09:20.000000',26,73,0),('d001','2021-10-03 10:09:21.000000',26,73,0),('d001','2021-10-03 10:09:22.000000',26,73,0),('d001','2021-10-03 10:09:23.000000',26,73,0),('d001','2021-10-03 10:09:24.000000',26,73,0),('d001','2021-10-03 10:09:25.000000',26,73,0),('d001','2021-10-03 10:09:26.000000',26,73,0),('d001','2021-10-03 10:09:27.000000',26,73,0),('d001','2021-10-03 10:09:28.000000',26,73,0),('d001','2021-10-03 10:09:29.000000',26,73,0),('d001','2021-10-03 10:09:30.000000',26,73,0),('d001','2021-10-03 10:09:31.000000',26,73,0),('d001','2021-10-03 10:09:32.000000',26,73,0),('d001','2021-10-03 10:09:33.000000',26,73,0),('d001','2021-10-03 10:09:34.000000',26,73,0),('d001','2021-10-03 10:09:35.000000',26,73,0),('d001','2021-10-03 10:09:36.000000',26,73,0),('d001','2021-10-03 10:09:37.000000',26,73,0),('d001','2021-10-03 10:09:38.000000',26,73,0),('d001','2021-10-03 10:09:39.000000',26,73,0),('d001','2021-10-03 10:09:40.000000',26,73,0),('d001','2021-10-03 10:09:41.000000',26,73,0),('d001','2021-10-03 10:09:42.000000',26,73,0),('d001','2021-10-03 10:09:43.000000',26,73,0),('d001','2021-10-03 10:09:44.000000',26,73,0),('d001','2021-10-03 10:09:45.000000',26,73,0),('d001','2021-10-03 10:09:46.000000',26,73,0),('d001','2021-10-03 10:09:47.000000',26,73,0),('d001','2021-10-03 10:09:48.000000',26,73,0),('d001','2021-10-03 10:09:49.000000',26,73,0),('d001','2021-10-03 10:09:50.000000',26,73,0),('d001','2021-10-03 10:09:51.000000',26,73,0),('d001','2021-10-03 10:09:52.000000',26,73,0),('d001','2021-10-03 10:09:53.000000',26,73,0),('d001','2021-10-03 10:09:54.000000',26,73,0),('d001','2021-10-03 10:09:55.000000',26,73,0),('d001','2021-10-03 10:09:56.000000',26,73,0),('d001','2021-10-03 10:09:57.000000',26,73,0),('d001','2021-10-03 10:09:58.000000',26,73,0),('d001','2021-10-03 10:09:59.000000',26,73,0),('d001','2021-10-03 10:10:00.000000',26,73,0),('d001','2021-10-03 10:10:01.000000',26,73,0),('d001','2021-10-03 10:10:02.000000',26,73,0),('d001','2021-10-03 10:10:03.000000',26,73,0),('d001','2021-10-03 10:10:04.000000',26,73,0),('d001','2021-10-03 10:10:05.000000',26,73,0),('d001','2021-10-03 10:10:06.000000',26,73,0),('d001','2021-10-03 10:10:07.000000',26,73,0),('d001','2021-10-03 10:10:08.000000',26,73,0),('d001','2021-10-03 10:10:09.000000',26,73,0),('d001','2021-10-03 10:10:10.000000',26,73,0),('d001','2021-10-03 10:10:11.000000',26,73,0),('d001','2021-10-03 10:10:12.000000',26,73,0),('d001','2021-10-03 10:10:13.000000',26,73,0),('d001','2021-10-03 10:10:14.000000',26,73,0),('d001','2021-10-03 10:10:15.000000',26,73,0),('d001','2021-10-03 10:10:16.000000',26,73,0),('d001','2021-10-03 10:10:17.000000',26,73,0),('d001','2021-10-03 10:10:18.000000',26,73,0),('d001','2021-10-03 10:10:19.000000',26,73,0),('d001','2021-10-03 10:10:20.000000',26,73,0),('d001','2021-10-03 10:10:21.000000',26,73,0),('d001','2021-10-03 10:10:22.000000',26,73,0),('d001','2021-10-03 10:10:23.000000',26,73,0),('d001','2021-10-03 10:10:24.000000',26,73,0),('d001','2021-10-03 10:10:25.000000',26,73,0),('d001','2021-10-03 10:10:26.000000',26,73,0),('d001','2021-10-03 10:10:27.000000',26,73,0),('d001','2021-10-03 10:10:28.000000',26,73,0),('d001','2021-10-03 10:10:29.000000',26,73,0),('d001','2021-10-03 10:10:30.000000',26,73,0),('d001','2021-10-03 10:10:31.000000',26,73,0),('d001','2021-10-03 10:10:32.000000',26,73,0),('d001','2021-10-03 10:10:33.000000',26,73,0),('d001','2021-10-03 10:10:34.000000',26,73,0),('d001','2021-10-03 10:10:35.000000',26,73,0),('d001','2021-10-03 10:10:36.000000',26,73,0),('d001','2021-10-03 10:10:37.000000',26,73,0),('d001','2021-10-03 10:10:38.000000',26,73,0),('d001','2021-10-03 10:10:39.000000',26,73,0),('d001','2021-10-03 10:10:40.000000',26,73,0),('d001','2021-10-03 10:10:41.000000',26,73,0),('d001','2021-10-03 10:10:42.000000',26,73,0),('d001','2021-10-03 10:10:43.000000',26,73,0),('d001','2021-10-03 10:10:44.000000',26,73,0),('d001','2021-10-03 10:10:45.000000',26,73,0),('d001','2021-10-03 10:10:46.000000',26,73,0),('d001','2021-10-03 10:10:47.000000',26,73,0),('d001','2021-10-03 10:10:48.000000',26,73,0),('d001','2021-10-03 10:10:49.000000',26,73,0),('d001','2021-10-03 10:10:50.000000',26,73,0),('d001','2021-10-03 10:10:51.000000',26,73,0),('d001','2021-10-03 10:10:52.000000',26,73,0),('d001','2021-10-03 10:10:53.000000',26,73,0),('d001','2021-10-03 10:10:54.000000',26,73,0),('d001','2021-10-03 10:10:55.000000',26,73,0),('d001','2021-10-03 10:10:56.000000',26,73,0),('d001','2021-10-03 10:10:57.000000',26,73,0),('d001','2021-10-03 10:10:58.000000',26,73,0),('d001','2021-10-03 10:10:59.000000',26,73,0),('d001','2021-10-03 10:11:00.000000',26,73,0),('d001','2021-10-03 10:11:01.000000',26,73,0),('d001','2021-10-03 10:11:02.000000',26,73,0),('d001','2021-10-03 10:11:03.000000',26,73,0),('d001','2021-10-03 10:11:04.000000',26,73,0),('d001','2021-10-03 10:11:05.000000',26,73,0),('d001','2021-10-03 10:11:06.000000',26,73,0),('d001','2021-10-03 10:11:07.000000',26,73,0),('d001','2021-10-03 10:11:08.000000',26,73,0),('d001','2021-10-03 10:11:09.000000',26,73,0),('d001','2021-10-03 10:11:10.000000',26,73,0),('d001','2021-10-03 10:11:11.000000',26,73,0),('d001','2021-10-03 10:11:12.000000',26,73,0),('d001','2021-10-03 10:11:13.000000',26,73,0),('d001','2021-10-03 10:11:14.000000',26,73,0),('d001','2021-10-03 10:11:15.000000',26,73,0),('d001','2021-10-03 10:11:16.000000',26,73,0),('d001','2021-10-03 10:11:17.000000',26,73,0),('d001','2021-10-03 10:11:18.000000',26,73,0),('d001','2021-10-03 10:11:19.000000',26,73,0),('d001','2021-10-03 10:11:20.000000',26,73,0),('d001','2021-10-03 10:11:21.000000',26,73,0),('d001','2021-10-03 10:11:22.000000',26,73,0),('d001','2021-10-03 10:11:23.000000',26,73,0),('d001','2021-10-03 10:11:24.000000',26,73,0),('d001','2021-10-03 10:11:25.000000',26,73,0),('d001','2021-10-03 10:11:26.000000',26,73,0),('d001','2021-10-03 10:11:27.000000',26,73,0),('d001','2021-10-03 10:11:28.000000',26,73,0),('d001','2021-10-03 10:11:29.000000',26,73,0),('d001','2021-10-03 10:11:30.000000',24,73,0),('d001','2021-10-03 10:11:31.000000',24,73,0),('d001','2021-10-03 10:11:32.000000',25,74,0),('d001','2021-10-03 10:11:33.000000',25,78,0),('d001','2021-10-03 10:11:34.000000',25,74,0),('d001','2021-10-03 10:11:35.000000',25,74,0),('d001','2021-10-03 10:11:36.000000',25,74,0),('d001','2021-10-03 10:11:37.000000',153,74,0),('d001','2021-10-03 10:11:38.000000',25,73,0),('d001','2021-10-03 10:11:39.000000',25,74,0),('d001','2021-10-03 10:11:40.000000',25,74,0),('d001','2021-10-03 10:11:41.000000',25,74,0),('d001','2021-10-03 10:11:42.000000',25,75,0),('d001','2021-10-03 10:11:43.000000',25,75,0),('d001','2021-10-03 10:11:44.000000',25,79,0),('d001','2021-10-03 10:11:45.000000',25,75,0),('d001','2021-10-03 10:11:46.000000',25,75,0),('d001','2021-10-03 10:11:47.000000',25,75,0),('d001','2021-10-03 10:11:48.000000',25,75,0),('d001','2021-10-03 10:11:49.000000',25,79,0),('d001','2021-10-03 10:11:50.000000',25,75,0),('d001','2021-10-03 10:11:51.000000',25,74,0),('d001','2021-10-03 10:11:52.000000',25,74,0),('d001','2021-10-03 10:11:53.000000',25,75,0),('d001','2021-10-03 10:11:54.000000',25,75,0),('d001','2021-10-03 10:11:55.000000',25,75,0),('d001','2021-10-03 10:11:56.000000',25,75,0),('d001','2021-10-03 10:11:57.000000',25,75,0),('d001','2021-10-03 10:11:58.000000',25,75,0),('d001','2021-10-03 10:11:59.000000',25,75,0),('d001','2021-10-03 10:12:00.000000',25,75,0),('d001','2021-10-03 10:12:01.000000',25,75,0),('d001','2021-10-03 10:12:02.000000',25,75,0),('d001','2021-10-03 10:12:03.000000',25,75,0),('d001','2021-10-03 10:12:04.000000',25,75,0),('d001','2021-10-03 10:12:05.000000',25,75,0),('d001','2021-10-03 10:12:06.000000',25,75,0),('d001','2021-10-03 10:12:07.000000',25,75,0),('d001','2021-10-03 10:12:08.000000',25,75,0),('d001','2021-10-03 10:12:09.000000',25,75,0),('d001','2021-10-03 10:12:10.000000',25,75,0),('d001','2021-10-03 10:12:11.000000',25,75,0),('d001','2021-10-03 10:12:12.000000',25,75,0),('d001','2021-10-03 10:12:13.000000',25,75,0),('d001','2021-10-03 10:12:14.000000',25,75,0),('d001','2021-10-03 10:12:15.000000',25,75,0),('d001','2021-10-03 10:12:16.000000',25,75,0),('d001','2021-10-03 10:12:17.000000',25,75,0),('d001','2021-10-03 10:12:18.000000',25,75,0),('d001','2021-10-03 10:12:19.000000',25,75,0),('d001','2021-10-03 10:12:20.000000',25,75,0),('d001','2021-10-03 10:12:21.000000',25,75,0),('d001','2021-10-03 10:12:22.000000',25,75,0),('d001','2021-10-03 10:12:23.000000',25,75,0),('d001','2021-10-03 10:12:24.000000',25,75,0),('d001','2021-10-03 10:12:25.000000',25,75,0),('d001','2021-10-03 10:12:26.000000',25,75,0),('d001','2021-10-03 10:12:27.000000',25,75,0),('d001','2021-10-03 10:12:28.000000',25,75,0),('d001','2021-10-03 10:12:29.000000',25,75,0),('d001','2021-10-03 10:12:30.000000',25,75,0),('d001','2021-10-03 10:12:31.000000',25,75,0),('d001','2021-10-03 10:12:32.000000',25,75,0),('d001','2021-10-03 10:12:33.000000',25,75,0),('d001','2021-10-03 10:12:34.000000',25,75,0),('d001','2021-10-03 10:12:35.000000',25,75,0),('d001','2021-10-03 10:12:36.000000',25,75,0),('d001','2021-10-03 10:12:37.000000',25,76,0),('d001','2021-10-03 10:12:38.000000',25,76,0),('d001','2021-10-03 10:12:39.000000',25,76,0),('d001','2021-10-03 10:12:40.000000',25,76,0),('d001','2021-10-03 10:12:41.000000',25,76,0),('d001','2021-10-03 10:12:42.000000',25,75,0),('d001','2021-10-03 10:12:43.000000',25,75,0),('d001','2021-10-03 10:12:44.000000',25,76,0),('d001','2021-10-03 10:12:45.000000',25,76,0),('d001','2021-10-03 10:12:46.000000',26,76,0),('d001','2021-10-03 10:12:47.000000',26,76,0),('d001','2021-10-03 10:12:48.000000',26,76,0),('d001','2021-10-03 10:12:49.000000',26,76,0),('d001','2021-10-03 10:12:50.000000',26,76,0),('d001','2021-10-03 10:12:51.000000',26,76,0),('d001','2021-10-03 10:12:52.000000',26,76,0),('d001','2021-10-03 10:12:53.000000',26,76,0),('d001','2021-10-03 10:12:54.000000',26,76,0),('d001','2021-10-03 10:12:55.000000',26,76,0),('d001','2021-10-03 10:12:56.000000',26,76,0),('d001','2021-10-03 10:12:57.000000',26,76,0),('d001','2021-10-03 10:12:58.000000',26,76,0),('d001','2021-10-03 10:12:59.000000',26,76,0),('d001','2021-10-03 10:13:00.000000',26,76,0),('d001','2021-10-03 10:13:01.000000',26,76,0),('d001','2021-10-03 10:13:02.000000',26,76,0),('d001','2021-10-03 10:13:03.000000',26,76,0),('d001','2021-10-03 10:13:04.000000',26,76,0),('d001','2021-10-03 10:13:05.000000',26,76,0),('d001','2021-10-03 10:13:06.000000',26,76,0),('d001','2021-10-03 10:13:07.000000',26,76,0),('d001','2021-10-03 10:13:08.000000',26,76,0),('d001','2021-10-03 10:13:09.000000',26,76,0),('d001','2021-10-03 10:13:10.000000',26,76,0),('d001','2021-10-03 10:13:11.000000',26,76,0),('d001','2021-10-03 10:13:12.000000',26,76,0),('d001','2021-10-03 10:13:13.000000',26,76,0),('d001','2021-10-03 10:13:14.000000',26,76,0),('d001','2021-10-03 10:13:15.000000',26,76,0),('d001','2021-10-03 10:13:16.000000',26,76,0),('d001','2021-10-03 10:13:17.000000',26,76,0),('d001','2021-10-03 10:13:18.000000',26,76,0),('d001','2021-10-03 10:13:19.000000',26,76,0),('d001','2021-10-03 10:13:20.000000',26,76,0),('d001','2021-10-03 10:13:21.000000',26,76,0),('d001','2021-10-03 10:13:22.000000',26,76,0),('d001','2021-10-03 10:13:23.000000',26,76,0),('d001','2021-10-03 10:13:24.000000',26,76,0),('d001','2021-10-03 10:13:25.000000',26,76,0),('d001','2021-10-03 10:13:26.000000',26,76,0),('d001','2021-10-03 10:13:27.000000',26,75,0),('d001','2021-10-03 10:13:28.000000',26,76,0),('d001','2021-10-03 10:13:29.000000',26,76,0),('d001','2021-10-03 10:13:30.000000',26,75,0),('d001','2021-10-03 10:13:31.000000',26,76,0),('d001','2021-10-03 10:13:32.000000',26,76,0),('d001','2021-10-03 10:13:33.000000',26,76,0),('d001','2021-10-03 10:13:34.000000',26,76,0),('d001','2021-10-03 10:13:35.000000',26,76,0),('d001','2021-10-03 10:13:36.000000',26,76,0),('d001','2021-10-03 10:13:37.000000',26,75,0),('d001','2021-10-03 10:13:38.000000',26,76,0),('d001','2021-10-03 10:13:39.000000',26,76,0),('d001','2021-10-03 10:13:40.000000',26,76,0),('d001','2021-10-03 10:13:41.000000',26,76,0),('d001','2021-10-03 10:13:42.000000',26,76,0),('d001','2021-10-03 10:13:43.000000',26,76,0),('d001','2021-10-03 10:13:44.000000',26,75,0),('d001','2021-10-03 10:13:45.000000',26,75,0),('d001','2021-10-03 10:13:46.000000',26,75,0),('d001','2021-10-03 10:13:47.000000',26,75,0),('d001','2021-10-03 10:13:48.000000',26,75,0),('d001','2021-10-03 10:13:49.000000',26,75,0),('d001','2021-10-03 10:13:50.000000',26,75,0),('d001','2021-10-03 10:13:51.000000',26,75,0),('d001','2021-10-03 10:13:52.000000',26,75,0),('d001','2021-10-03 10:13:53.000000',26,75,0),('d001','2021-10-03 10:13:54.000000',26,75,0),('d001','2021-10-03 10:13:55.000000',26,75,0),('d001','2021-10-03 10:13:56.000000',26,75,0),('d001','2021-10-03 10:13:57.000000',26,75,0),('d001','2021-10-03 10:13:58.000000',26,75,0),('d001','2021-10-03 10:13:59.000000',26,75,0),('d001','2021-10-03 10:14:00.000000',26,75,0),('d001','2021-10-03 10:14:01.000000',26,75,0),('d001','2021-10-03 10:14:02.000000',26,75,0),('d001','2021-10-03 10:14:03.000000',26,75,0),('d001','2021-10-03 10:14:04.000000',26,75,0),('d001','2021-10-03 10:14:05.000000',26,75,0),('d001','2021-10-03 10:14:06.000000',26,75,0),('d001','2021-10-03 10:14:07.000000',26,75,0),('d001','2021-10-03 10:14:08.000000',26,75,0),('d001','2021-10-03 10:14:09.000000',26,75,0),('d001','2021-10-03 10:14:10.000000',26,75,0),('d001','2021-10-03 10:14:11.000000',26,75,0),('d001','2021-10-03 10:14:12.000000',26,75,0),('d001','2021-10-03 10:14:13.000000',26,75,0),('d001','2021-10-03 10:14:14.000000',26,75,0),('d001','2021-10-03 10:14:15.000000',26,75,0),('d001','2021-10-03 10:14:16.000000',26,74,0),('d001','2021-10-03 10:14:17.000000',26,75,0),('d001','2021-10-03 10:14:18.000000',26,75,0),('d001','2021-10-03 10:14:19.000000',26,75,0),('d001','2021-10-03 10:14:20.000000',26,75,0),('d001','2021-10-03 10:14:21.000000',26,75,0),('d001','2021-10-03 10:14:22.000000',26,75,0),('d001','2021-10-03 10:14:23.000000',26,75,0),('d001','2021-10-03 10:14:24.000000',26,75,0),('d001','2021-10-03 10:14:25.000000',26,75,0),('d001','2021-10-03 10:14:26.000000',26,75,0),('d001','2021-10-03 10:14:27.000000',26,75,0),('d001','2021-10-03 10:14:28.000000',26,75,0),('d001','2021-10-03 10:14:29.000000',26,75,0),('d001','2021-10-03 10:14:30.000000',26,75,0),('d001','2021-10-03 10:14:31.000000',26,75,0),('d001','2021-10-03 10:14:32.000000',26,75,0),('d001','2021-10-03 10:14:33.000000',26,75,0),('d001','2021-10-03 10:14:34.000000',26,75,0),('d001','2021-10-03 10:14:35.000000',26,75,0),('d001','2021-10-03 10:14:36.000000',26,75,0),('d001','2021-10-03 10:14:37.000000',26,75,0),('d001','2021-10-03 10:14:38.000000',26,75,0),('d001','2021-10-03 10:14:39.000000',26,74,0),('d001','2021-10-03 10:14:40.000000',26,75,0),('d001','2021-10-03 10:14:41.000000',26,75,0),('d001','2021-10-03 10:14:42.000000',26,75,0),('d001','2021-10-03 10:14:43.000000',26,75,0),('d001','2021-10-03 10:14:44.000000',26,75,0),('d001','2021-10-03 10:14:45.000000',26,75,0),('d001','2021-10-03 10:14:46.000000',26,75,0),('d001','2021-10-03 10:14:47.000000',26,75,0),('d001','2021-10-03 10:14:48.000000',26,75,0),('d001','2021-10-03 10:14:49.000000',26,75,0),('d001','2021-10-03 10:14:50.000000',26,75,0),('d001','2021-10-03 10:14:51.000000',26,75,0),('d001','2021-10-03 10:14:52.000000',26,75,0),('d001','2021-10-03 10:14:53.000000',26,75,0),('d001','2021-10-03 10:14:54.000000',26,75,0),('d001','2021-10-03 10:14:55.000000',26,75,0),('d001','2021-10-03 10:14:56.000000',26,75,0),('d001','2021-10-03 10:14:57.000000',26,75,0),('d001','2021-10-03 10:14:58.000000',26,75,0),('d001','2021-10-03 10:14:59.000000',26,75,0),('d001','2021-10-03 10:15:00.000000',26,75,0),('d001','2021-10-03 10:15:01.000000',26,75,0),('d001','2021-10-03 10:15:02.000000',26,75,0),('d001','2021-10-03 10:15:03.000000',26,75,0),('d001','2021-10-03 10:15:04.000000',26,74,0),('d001','2021-10-03 10:15:05.000000',26,75,0),('d001','2021-10-03 10:15:06.000000',26,75,0),('d001','2021-10-03 10:15:07.000000',26,75,0),('d001','2021-10-03 10:15:08.000000',26,75,0),('d001','2021-10-03 10:15:09.000000',26,73,0),('d001','2021-10-03 10:15:10.000000',26,74,0),('d001','2021-10-03 10:15:11.000000',26,74,0),('d001','2021-10-03 10:15:12.000000',26,74,0),('d001','2021-10-03 10:15:13.000000',26,74,0),('d001','2021-10-03 10:15:14.000000',26,74,0),('d001','2021-10-03 10:15:15.000000',26,74,0),('d001','2021-10-03 10:15:16.000000',26,74,0),('d001','2021-10-03 10:15:17.000000',26,74,0),('d001','2021-10-03 10:15:18.000000',26,74,0),('d001','2021-10-03 10:15:19.000000',26,74,0),('d001','2021-10-03 10:15:20.000000',26,74,0),('d001','2021-10-03 10:15:21.000000',26,74,0),('d001','2021-10-03 10:15:22.000000',26,74,0),('d001','2021-10-03 10:15:23.000000',26,74,0),('d001','2021-10-03 10:15:24.000000',26,74,0),('d001','2021-10-03 10:15:25.000000',26,74,0),('d001','2021-10-03 10:15:26.000000',26,74,0),('d001','2021-10-03 10:15:27.000000',26,74,0),('d001','2021-10-03 10:15:28.000000',26,74,0),('d001','2021-10-03 10:15:29.000000',26,74,0),('d001','2021-10-03 10:15:30.000000',26,73,0),('d001','2021-10-03 10:15:31.000000',26,74,0),('d001','2021-10-03 10:15:32.000000',26,74,0),('d001','2021-10-03 10:15:33.000000',26,74,0),('d001','2021-10-03 10:15:34.000000',26,74,0),('d001','2021-10-03 10:15:35.000000',26,74,0),('d001','2021-10-03 10:15:36.000000',26,74,0),('d001','2021-10-03 10:15:37.000000',26,74,0),('d001','2021-10-03 10:15:38.000000',26,74,0),('d001','2021-10-03 10:15:39.000000',26,74,0),('d001','2021-10-03 10:15:40.000000',26,74,0),('d001','2021-10-03 10:15:41.000000',26,74,0),('d001','2021-10-03 10:15:42.000000',26,74,0),('d001','2021-10-03 10:15:43.000000',26,74,0),('d001','2021-10-03 10:15:44.000000',26,74,0),('d001','2021-10-03 10:15:45.000000',26,74,0),('d001','2021-10-03 10:15:46.000000',26,74,0),('d001','2021-10-03 10:15:47.000000',26,74,0),('d001','2021-10-03 10:15:48.000000',26,74,0),('d001','2021-10-03 10:15:49.000000',26,74,0),('d001','2021-10-03 10:15:50.000000',26,74,0),('d001','2021-10-03 10:15:51.000000',26,74,0),('d001','2021-10-03 10:15:52.000000',26,74,0),('d001','2021-10-03 10:15:53.000000',26,73,0),('d001','2021-10-03 10:15:54.000000',26,74,0),('d001','2021-10-03 10:15:55.000000',26,74,0),('d001','2021-10-03 10:15:56.000000',26,74,0),('d001','2021-10-03 10:15:57.000000',26,74,0),('d001','2021-10-03 10:15:58.000000',26,74,0),('d001','2021-10-03 10:15:59.000000',26,74,0),('d001','2021-10-03 10:16:00.000000',26,74,0),('d001','2021-10-03 10:16:01.000000',26,73,0),('d001','2021-10-03 10:16:02.000000',26,74,0),('d001','2021-10-03 10:16:03.000000',26,73,0),('d001','2021-10-03 10:16:04.000000',26,74,0),('d001','2021-10-03 10:16:05.000000',26,74,0),('d001','2021-10-03 10:16:06.000000',26,74,0),('d001','2021-10-03 10:16:07.000000',26,73,0),('d001','2021-10-03 10:16:08.000000',26,74,0),('d001','2021-10-03 10:16:09.000000',26,74,0),('d001','2021-10-03 10:16:10.000000',26,74,0),('d001','2021-10-03 10:16:11.000000',26,74,0),('d001','2021-10-03 10:16:12.000000',26,74,0),('d001','2021-10-03 10:16:13.000000',26,74,0),('d001','2021-10-03 10:16:14.000000',26,73,0),('d001','2021-10-03 10:16:15.000000',26,74,0),('d001','2021-10-03 10:16:16.000000',26,73,0),('d001','2021-10-03 10:16:17.000000',26,73,0),('d001','2021-10-03 10:16:18.000000',26,73,0),('d001','2021-10-03 10:16:19.000000',26,73,0),('d001','2021-10-03 10:16:20.000000',26,73,0),('d001','2021-10-03 10:16:21.000000',26,73,0),('d001','2021-10-03 10:16:22.000000',26,73,0),('d001','2021-10-03 10:16:23.000000',26,73,0),('d001','2021-10-03 10:16:24.000000',26,73,0),('d001','2021-10-03 10:16:25.000000',26,73,0),('d001','2021-10-03 10:16:26.000000',26,73,0),('d001','2021-10-03 10:16:27.000000',26,73,0),('d001','2021-10-03 10:16:28.000000',26,73,0),('d001','2021-10-03 10:16:29.000000',26,73,0),('d001','2021-10-03 10:16:30.000000',26,73,0),('d001','2021-10-03 10:16:31.000000',26,73,0),('d001','2021-10-03 10:16:32.000000',26,73,0),('d001','2021-10-03 10:16:33.000000',26,73,0),('d001','2021-10-03 10:16:34.000000',26,73,0),('d001','2021-10-03 10:16:35.000000',26,73,0),('d001','2021-10-03 10:16:36.000000',26,73,0),('d001','2021-10-03 10:16:37.000000',26,73,0),('d001','2021-10-03 10:16:38.000000',26,73,0),('d001','2021-10-03 10:16:39.000000',26,73,0),('d001','2021-10-03 10:16:40.000000',26,73,0),('d001','2021-10-03 10:16:41.000000',27,73,0),('d001','2021-10-03 10:16:42.000000',27,73,0),('d001','2021-10-03 10:16:43.000000',27,73,0),('d001','2021-10-03 10:16:44.000000',27,73,0),('d001','2021-10-03 10:16:45.000000',27,73,0),('d001','2021-10-03 10:16:46.000000',59,73,0),('d001','2021-10-03 10:16:47.000000',27,73,0),('d001','2021-10-03 10:16:48.000000',27,73,0),('d001','2021-10-03 10:16:49.000000',27,73,0),('d001','2021-10-03 10:16:50.000000',27,73,0),('d001','2021-10-03 10:16:51.000000',27,73,0),('d001','2021-10-03 10:16:52.000000',27,73,0),('d001','2021-10-03 10:16:53.000000',27,73,0),('d001','2021-10-03 10:16:54.000000',27,73,0),('d001','2021-10-03 10:16:55.000000',27,73,0),('d001','2021-10-03 10:16:56.000000',27,73,0),('d001','2021-10-03 10:16:57.000000',27,73,0),('d001','2021-10-03 10:16:58.000000',27,73,0),('d001','2021-10-03 10:16:59.000000',27,73,0),('d001','2021-10-03 10:17:00.000000',27,73,0),('d001','2021-10-03 10:17:01.000000',27,73,0),('d001','2021-10-03 10:17:02.000000',27,73,0),('d001','2021-10-03 10:17:03.000000',27,73,0),('d001','2021-10-03 10:17:04.000000',27,73,0),('d001','2021-10-03 10:17:05.000000',27,73,0),('d001','2021-10-03 10:17:06.000000',27,73,0),('d001','2021-10-03 10:17:07.000000',27,73,0),('d001','2021-10-03 10:17:08.000000',27,73,0),('d001','2021-10-03 10:17:09.000000',27,73,0),('d001','2021-10-03 10:17:10.000000',27,73,0),('d001','2021-10-03 10:17:11.000000',27,73,0),('d001','2021-10-03 10:17:12.000000',27,73,0),('d001','2021-10-03 10:17:13.000000',27,73,0),('d001','2021-10-03 10:17:14.000000',27,73,0),('d001','2021-10-03 10:17:15.000000',27,73,0),('d001','2021-10-03 10:17:16.000000',27,73,0),('d001','2021-10-03 10:17:17.000000',27,73,0),('d001','2021-10-03 10:17:18.000000',27,73,0),('d001','2021-10-03 10:17:19.000000',27,73,0),('d001','2021-10-03 10:17:20.000000',27,73,0),('d001','2021-10-03 10:17:21.000000',27,73,0),('d001','2021-10-03 10:17:22.000000',27,73,0),('d001','2021-10-03 10:17:23.000000',27,73,0),('d001','2021-10-03 10:17:24.000000',27,73,0),('d001','2021-10-03 10:17:25.000000',27,73,0),('d001','2021-10-03 10:17:26.000000',27,73,0),('d001','2021-10-03 10:17:27.000000',27,73,0),('d001','2021-10-03 10:17:28.000000',27,73,0),('d001','2021-10-03 10:17:29.000000',27,73,0),('d001','2021-10-03 10:17:30.000000',27,73,0),('d001','2021-10-03 10:17:31.000000',27,73,0),('d001','2021-10-03 10:17:32.000000',27,73,0),('d001','2021-10-03 10:17:33.000000',27,73,0),('d001','2021-10-03 10:17:34.000000',27,73,0),('d001','2021-10-03 10:17:35.000000',27,73,0),('d001','2021-10-03 10:17:36.000000',27,73,0),('d001','2021-10-03 10:17:37.000000',27,73,0),('d001','2021-10-03 10:17:38.000000',27,73,0),('d001','2021-10-03 10:17:39.000000',27,73,0),('d001','2021-10-03 10:17:40.000000',27,73,0),('d001','2021-10-03 10:17:41.000000',27,73,0),('d001','2021-10-03 10:17:42.000000',27,73,0),('d001','2021-10-03 10:17:43.000000',27,73,0),('d001','2021-10-03 10:17:44.000000',27,73,0),('d001','2021-10-03 10:17:45.000000',27,73,0),('d001','2021-10-03 10:17:46.000000',27,73,0),('d001','2021-10-03 10:17:47.000000',27,73,0),('d001','2021-10-03 10:17:48.000000',27,73,0),('d001','2021-10-03 10:17:49.000000',27,73,0),('d001','2021-10-03 10:17:50.000000',27,73,0),('d001','2021-10-03 10:17:51.000000',27,73,0),('d001','2021-10-03 10:17:52.000000',27,73,0),('d001','2021-10-03 10:17:53.000000',27,73,0),('d001','2021-10-03 10:17:54.000000',27,73,0),('d001','2021-10-03 10:17:55.000000',27,73,0),('d001','2021-10-03 10:17:56.000000',27,73,0),('d001','2021-10-03 10:17:57.000000',27,73,0),('d001','2021-10-03 10:17:58.000000',27,73,0),('d001','2021-10-03 10:17:59.000000',27,73,0),('d001','2021-10-03 10:18:00.000000',27,73,0),('d001','2021-10-03 10:18:01.000000',27,73,0),('d001','2021-10-03 10:18:02.000000',27,73,0),('d001','2021-10-03 10:18:03.000000',27,73,0),('d001','2021-10-03 10:18:04.000000',27,73,0),('d001','2021-10-03 10:18:05.000000',27,73,0),('d001','2021-10-03 10:18:06.000000',27,73,0),('d001','2021-10-03 10:18:07.000000',27,73,0),('d001','2021-10-03 10:18:08.000000',27,73,0),('d001','2021-10-03 10:18:09.000000',27,73,0),('d001','2021-10-03 10:18:10.000000',27,73,0),('d001','2021-10-03 10:18:11.000000',27,73,0),('d001','2021-10-03 10:18:12.000000',27,73,0),('d001','2021-10-03 10:18:13.000000',27,73,0),('d001','2021-10-03 10:18:14.000000',27,73,0),('d001','2021-10-03 10:18:15.000000',27,73,0),('d001','2021-10-03 10:18:16.000000',27,73,0),('d001','2021-10-03 10:18:17.000000',27,73,0),('d001','2021-10-03 10:18:18.000000',27,73,0),('d001','2021-10-03 10:18:19.000000',27,73,0),('d001','2021-10-03 10:18:20.000000',27,73,0),('d001','2021-10-03 10:18:21.000000',27,73,0),('d001','2021-10-03 10:18:22.000000',27,73,0),('d001','2021-10-03 10:18:23.000000',27,73,0),('d001','2021-10-03 10:18:24.000000',27,73,0),('d001','2021-10-03 10:18:25.000000',27,73,0),('d001','2021-10-03 10:18:26.000000',27,73,0),('d001','2021-10-03 10:18:27.000000',27,73,0),('d001','2021-10-03 10:18:28.000000',59,73,0),('d001','2021-10-03 10:18:29.000000',27,73,0),('d001','2021-10-03 10:18:30.000000',27,73,0),('d001','2021-10-03 10:18:31.000000',27,73,0),('d001','2021-10-03 10:18:32.000000',27,73,0),('d001','2021-10-03 10:18:33.000000',27,73,0),('d001','2021-10-03 10:18:34.000000',27,73,0),('d001','2021-10-03 10:18:35.000000',27,73,0),('d001','2021-10-03 10:18:36.000000',27,73,0),('d001','2021-10-03 10:18:37.000000',27,73,0),('d001','2021-10-03 10:18:38.000000',27,73,0),('d001','2021-10-03 10:18:39.000000',27,73,0),('d001','2021-10-03 10:18:40.000000',27,73,0),('d001','2021-10-03 10:18:41.000000',27,73,0),('d001','2021-10-03 10:18:42.000000',27,73,0),('d001','2021-10-03 10:18:43.000000',27,73,0),('d001','2021-10-03 10:18:44.000000',27,73,0),('d001','2021-10-03 10:18:45.000000',27,73,0),('d001','2021-10-03 10:18:46.000000',27,72,0),('d001','2021-10-03 10:18:47.000000',27,73,0),('d001','2021-10-03 10:18:48.000000',27,73,0),('d001','2021-10-03 10:18:49.000000',27,73,0),('d001','2021-10-03 10:18:50.000000',27,73,0),('d001','2021-10-03 10:18:51.000000',27,73,0),('d001','2021-10-03 10:18:52.000000',27,73,0),('d001','2021-10-03 10:18:53.000000',27,73,0),('d001','2021-10-03 10:18:54.000000',27,73,0),('d001','2021-10-03 10:18:55.000000',27,73,0),('d001','2021-10-03 10:18:56.000000',27,73,0),('d001','2021-10-03 10:18:57.000000',27,73,0),('d001','2021-10-03 10:18:58.000000',27,73,0),('d001','2021-10-03 10:18:59.000000',27,73,0),('d001','2021-10-03 10:19:00.000000',27,73,0),('d001','2021-10-03 10:19:01.000000',27,73,0),('d001','2021-10-03 10:19:02.000000',27,73,0),('d001','2021-10-03 10:19:03.000000',27,73,0),('d001','2021-10-03 10:19:04.000000',27,73,0),('d001','2021-10-03 10:19:05.000000',27,72,0),('d001','2021-10-03 10:19:06.000000',27,72,0),('d001','2021-10-03 10:19:07.000000',27,72,0),('d001','2021-10-03 10:19:08.000000',27,72,0),('d001','2021-10-03 10:19:09.000000',27,72,0),('d001','2021-10-03 10:19:10.000000',27,72,0),('d001','2021-10-03 10:19:11.000000',27,72,0),('d001','2021-10-03 10:19:12.000000',27,72,0),('d001','2021-10-03 10:19:13.000000',27,72,0),('d001','2021-10-03 10:19:14.000000',27,72,0),('d001','2021-10-03 10:19:15.000000',27,72,0),('d001','2021-10-03 10:19:16.000000',27,72,0),('d001','2021-10-03 10:19:17.000000',27,72,0),('d001','2021-10-03 10:19:18.000000',27,72,0),('d001','2021-10-03 10:19:19.000000',27,72,0),('d001','2021-10-03 10:19:20.000000',27,72,0),('d001','2021-10-03 10:19:21.000000',27,72,0),('d001','2021-10-03 10:19:22.000000',27,72,0),('d001','2021-10-03 10:19:23.000000',27,72,0),('d001','2021-10-03 10:19:24.000000',27,72,0),('d001','2021-10-03 10:19:25.000000',27,72,0),('d001','2021-10-03 10:19:26.000000',27,72,0),('d001','2021-10-03 10:19:27.000000',27,72,0),('d001','2021-10-03 10:19:28.000000',27,72,0),('d001','2021-10-03 10:19:29.000000',27,72,0),('d001','2021-10-03 10:19:30.000000',27,72,0),('d001','2021-10-03 10:19:31.000000',27,72,0),('d001','2021-10-03 10:19:32.000000',27,72,0),('d001','2021-10-03 10:19:33.000000',27,72,0),('d001','2021-10-03 10:19:34.000000',27,72,0),('d001','2021-10-03 10:19:35.000000',27,72,0),('d001','2021-10-03 10:19:36.000000',27,72,0),('d001','2021-10-03 10:19:37.000000',27,72,0),('d001','2021-10-03 10:19:38.000000',27,72,0),('d001','2021-10-03 10:19:39.000000',27,72,0),('d001','2021-10-03 10:19:40.000000',27,72,0),('d001','2021-10-03 10:19:41.000000',27,72,0),('d001','2021-10-03 10:19:42.000000',27,72,0),('d001','2021-10-03 10:19:43.000000',27,72,0),('d001','2021-10-03 10:19:44.000000',27,72,0),('d001','2021-10-03 10:19:45.000000',27,72,0),('d001','2021-10-03 10:19:46.000000',27,72,0),('d001','2021-10-03 10:19:47.000000',27,72,0),('d001','2021-10-03 10:19:48.000000',27,88,0),('d001','2021-10-03 10:19:49.000000',27,72,0),('d001','2021-10-03 10:19:50.000000',27,72,0),('d001','2021-10-03 10:19:51.000000',27,72,0),('d001','2021-10-03 10:19:52.000000',27,72,0),('d001','2021-10-03 10:19:53.000000',27,72,0),('d001','2021-10-03 10:19:54.000000',27,72,0),('d001','2021-10-03 10:19:55.000000',27,72,0),('d001','2021-10-03 10:19:56.000000',27,72,0),('d001','2021-10-03 10:19:57.000000',27,72,0),('d001','2021-10-03 10:19:58.000000',27,72,0),('d001','2021-10-03 10:19:59.000000',27,72,0),('d001','2021-10-03 10:20:00.000000',27,72,0),('d001','2021-10-03 10:20:01.000000',27,72,0),('d001','2021-10-03 10:20:02.000000',27,72,0),('d001','2021-10-03 10:20:03.000000',27,72,0),('d001','2021-10-03 10:20:04.000000',27,72,0),('d001','2021-10-03 10:20:05.000000',27,72,0),('d001','2021-10-03 10:20:06.000000',27,72,0),('d001','2021-10-03 10:20:07.000000',27,72,0),('d001','2021-10-03 10:20:08.000000',27,72,0),('d001','2021-10-03 10:20:09.000000',27,72,0),('d001','2021-10-03 10:20:10.000000',27,72,0),('d001','2021-10-03 10:20:11.000000',27,72,0),('d001','2021-10-03 10:20:12.000000',27,72,0),('d001','2021-10-03 10:20:13.000000',27,72,0),('d001','2021-10-03 10:20:14.000000',27,72,0),('d001','2021-10-03 10:20:15.000000',27,72,0),('d001','2021-10-03 10:20:16.000000',27,72,0),('d001','2021-10-03 10:20:17.000000',27,72,0),('d001','2021-10-03 10:20:18.000000',27,72,0),('d001','2021-10-03 10:20:19.000000',27,72,0),('d001','2021-10-03 10:20:20.000000',27,72,0),('d001','2021-10-03 10:20:21.000000',27,72,0),('d001','2021-10-03 10:20:22.000000',27,72,0),('d001','2021-10-03 10:20:23.000000',27,72,0),('d001','2021-10-03 10:20:24.000000',27,72,0),('d001','2021-10-03 10:20:25.000000',27,72,0),('d001','2021-10-03 10:20:26.000000',27,72,0),('d001','2021-10-03 10:20:27.000000',27,72,0),('d001','2021-10-03 10:20:28.000000',27,72,0),('d001','2021-10-03 10:20:29.000000',27,72,0),('d001','2021-10-03 10:20:30.000000',27,71,0),('d001','2021-10-03 10:20:31.000000',27,72,0),('d001','2021-10-03 10:20:32.000000',27,72,0),('d001','2021-10-03 10:20:33.000000',27,72,0),('d001','2021-10-03 10:20:34.000000',27,72,0),('d001','2021-10-03 10:20:35.000000',27,72,0),('d001','2021-10-03 10:20:36.000000',27,72,0),('d001','2021-10-03 10:20:37.000000',27,72,0);
/*!40000 ALTER TABLE `temphumi` ENABLE KEYS */;
UNLOCK TABLES;

--
-- Table structure for table `user`
--

DROP TABLE IF EXISTS `user`;
/*!40101 SET @saved_cs_client     = @@character_set_client */;
/*!50503 SET character_set_client = utf8mb4 */;
CREATE TABLE `user` (
  `u_手机号码` varchar(45) NOT NULL,
  `u_密码` varchar(45) NOT NULL,
  `u_姓名` varchar(45) NOT NULL,
  `u_isDeleted` int NOT NULL,
  PRIMARY KEY (`u_手机号码`)
) ENGINE=InnoDB DEFAULT CHARSET=utf8mb3;
/*!40101 SET character_set_client = @saved_cs_client */;

--
-- Dumping data for table `user`
--

LOCK TABLES `user` WRITE;
/*!40000 ALTER TABLE `user` DISABLE KEYS */;
INSERT INTO `user` VALUES ('10004497971','310e2246cecf047a23fa446f4c77648d','JillHodges',1),('10359891548','Z3V5y','JamesLarson',0),('10808353007','2tvV4','KevinEvans',0),('10851430708','1b5d0a10a95e6312cb8e0ef52f01879c','ShannonMiller',0),('10999290629','4af876d94a60b5397332a78c0532947a','BrookeBrooks',0),('11057843562','tZy1A','HaleyNguyen',0),('11065409314','33205d78a23923845796ba086210aae9','CharlesFranco',1),('11202647611','116d9bb4deb124c53a6efe46b64c3c6e','GinaHumphreyDVM',0),('11299311963','997f729a22a398290b605bba1c4b55d1','JeremyPhillips',1),('11374275253','e9d14644269fab33d0a161afd7eda242','LisaSmith',0),('11379898815','e6bdaaf00f60bfbb62592a586ce75d2f','MichaelHale',0),('11382376598','ba918a1e1d4442eaa9e7bca5d04a1c5e','MicheleSmith',0),('11445920136','a103df6baa8e7068f147bcb3dca0759d','KimberlyJohnson',0),('11472631922','98f165a609800b5bffc9a51c05a683e6','DianaWyatt',0),('11496791662','d7209c4b8328844e4d3d012f9a431938','DanielHill',0),('11660760798','98d2bea56f692d892924088b4496a18d','AngelaShaffer',0),('11744098913','e5d71ec132c2d0874b055c344a579409','BenjaminRamos',0),('11759194009','52eb59d4cf2220f5bf39770291ca98dd','CourtneyMejia',0),('11884911352','91871ea4acba1ebe517ce3debb8c484f','JohnBerger',0),('11978486745','9016a7e4b746c4883fe457d159398726','OscarLopez',0),('12195470193','4b59db5659c6f0e51c5764d3d5d50411','HelenColon',0),('12328237567','c92121ff2fe70dcf9969a094e8530a24','CindyMiller',0),('12387027658','43f747128e84647c02068837b5d86c44','LisaMartin',0),('12502205762','80f869c097b129845eac1307cff273a8','StacieMartinez',0),('12508765854','af6e252abac5fe99a7b7e7e5d887ecdf','DanielleBryant',0),('12646413043','b17a3b5e812bdb20ba689e9aae801da0','CarolLewis',0),('12734273616','a088941ba8e09fa4dc866e6e76388ad3','ToniGardner',0),('12748035115','33c6d06c510db9c10e74205a850bc900','LisaAnderson',0),('12930301927','7029fd62f7bdfc19b1ca66916508572e','JoshuaFernandez',0),('13028519403','6d3c2eb0b0a867f9c1b4c378e635ce2b','MatthewJacobs',0),('13184142573','b15becf92f8c20baad84a5d65279e4d4','ChaseFisher',0),('13262627269','258976c0d9fb526f2c896d8720aeeaa7','BrentRussell',0),('13281359709','bbba8f64b21d8f8dce63c092e415fe50','AmyMartinez',0),('13512072167','8d124dbac35590f2bcb365ac572de1d3','TheresaStark',0),('13599120226','19172be811bc4f30b0a1bffa1aa2786c','AmandaGarcia',0),('13834180527','698d51a19d8a121ce581499d7b701668','HelloWorld',1),('13835428592','202cb962ac59075b964b07152d234b70','Mama',1),('13839999999','6412121cbb2dc2cb9e460cfee7046be2','China Mobile',1),('13841181168','53f6774c0eb788dd4542486056b15ad3','KarenWilliams',0),('14004575383','b3e65864df110d740af0d299143c8e81','BriannaLawrence',0),('14007793944','bed7bfe3478e23bfe9538f32d098db0a','EricWoodard',0),('14265960783','92b06c25ded8f47369c8d28f1db436fb','MaryCook',0),('14421152034','ee49ed7ee24cb5b4911c74abd930ce05','DanielHart',0),('14711128705','588776869cd0415b3adab8dd691fd7e0','RalphWong',0),('14744122495','dab2526c29d00bd6d0e975e3390d1fc7','AaronSanchez',0),('14948722052','c840945a1aa08a5171fed8b3673bec13','AshleyVelez',0),('15039480216','f25c4cee7993248f209d2efc07a0ac88','JasonGlover',0),('15051624105','5172474d36b1f8935b1904776017925f','LaurieSmith',0),('15192207603','bb03a1d4cbfb1b56da118bc23db136c4','CatherineTaylor',0),('15287468944','5ce705dee1b2555e384d99a1715aa3fe','AngelDuncan',0),('15298862383','f982086361efc4aec7b080cd6c0645d4','AmberHebert',0),('15308175554','c6b2a773ac9a4df7a22db5a971f3d222','DianaRobinson',0),('15330607884','0f7280a41f46dc6ea11c301ecb2e107e','ElizabethKramer',0),('15431695686','1fefc772cab027e4b9ff108ac16d0654','AmandaBernard',0),('15459653856','25afd25fb8ef15f637806d6155ec7c8f','StephenMcgee',0),('15471084291','fce35ef56dd2c8819b8c80d94893f08b','ElizabethPittman',0),('15683450635','0b16d70616e6089e79186085308487cf','BrandonEvans',0),('15712572568','f651f5cb61f47b358bac7444afdd88c7','EdwardPham',0),('15718616595','25c2aff8e12303b0bea7c4abbaf31759','AmandaThompson',0),('15776461324','8d8c843e8e18d4122ad312d1c4fc23f1','MitchellAlvarez',0),('15837652795','d42a810860c3b0b47999ff719229b5b5','BrendaHansen',0),('15900446777','72748b25f86c7ba5e1bd04feab1d5ea7','SusanLarsen',0),('15940023555','3975a6ca4928b3e1464d189fae888688','StevenTorres',0),('15945109101','3d7d49ce6266217be6ba75513ebb0c67','JasmineHardy',0),('16070554229','c604992fe617e2ff7ed8ab37a1825e3b','BarbaraThornton',0),('16166055292','a52c4824dbb8e1fe5454b1280e32d461','StephaniePrice',0),('16172608583','ee72fd52e6e0c5b29be14721475fd173','SheilaHowe',0),('16256446374','2a593d9d3e548eddfd9ff7f8a5b25c77','MadisonTravis',0),('16288413433','ecef509953bf6d9c7bdd70b83cd1b2a6','Ms.ShannonConner',0),('16293633916','d765c73f136f9e29183f015fa73c0325','NancyJohnson',0),('16314416672','c2b35e2aaf8334cb216d3403957ff6e5','TrevorMitchell',0),('16428229479','58fdcd1f1147bd6607275416c2ec7309','JenniferLynn',0),('16612281632','2d72aab364a42ebd962b7a30c09b6fa8','DanielleJohnson',0),('16652890752','58fa13fe9d6bf014073bf1d36937f238','RandallWells',0),('16676960520','339da45410a44090867872c4128bd713','MadisonAdams',0),('16758502440','386c5d4e840aade08ee3412d22109341','VirginiaThomas',0),('16843067770','7f944b4055cf08c38ada5688fa829140','RonaldRice',0),('16872163600','c23d83e0f50cb59d23b2dbaaaeff32f6','DamonLewis',0),('16926941734','f78b04b418f99238b53dbf023ea3b69d','PatriciaAlexander',0),('17127836790','3f012011137a67fc9910bad1a7947d01','RaymondShepherd',0),('17224737230','f38229fc8dec85409d5942cb192ce8c3','SandraWood',0),('17225621565','15eecc3ca643ec145322f9de4e08c69f','JoseRodriguez',0),('17271085965','bd931c6eedc3f4b386ac7e2848f21678','LisaScott',0),('17375388827','LIq7J','JackieSanchezDDS',0),('17528367492','95e57d815b3fb9f93a9b111be715c381','ShannonGonzalez',0),('17624138728','31bd82db06e318b9e9f4bdef6b25aa3f','LawrenceDuffy',0),('17834235820','d3d71ce7f417d8a343467b18fdb48792','PhilipBradley',0),('17837052080','141b05994687a2259efff3562f671ed6','MariahOrozco',0),('17984533438','b8dacb956e8fc45c685e89c8ffe31f4c','MichaelGardner',0),('18127396800','bf6b33918baa3db39a1b25bf3e19525d','AshleyBoyle',0),('18186697919','ea106bf7ace16490b4eb5735e0a5a2ba','MaryScott',1),('18417287012','461f4dec47f3c0dc32a8be96d5d9c4e2','ChristopherStanton',0),('18548615634','f74ba92164f6a69233d0f47f906ee990','MichaelWallace',0),('18556349960','6af704db31c7d58af2e70e059a163f47','ZacharyWise',0),('18785543132','bb8637c638c6607f343826ffdac6491a','MathewHorton',0),('18801079857','202cb962ac59075b964b07152d234b70','Name',1),('18934509963','460f4e0d1299780e545e298ddafa732b','KaylaHiggins',0),('19035924925','08d21f554c67e3298e6cd2e4664ca217','MaryBrowning',0),('19156278454','16eed759fa0f74ee85916ff7bf737bb2','DonaldGarcia',0),('19324420367','f2b1a3e6d0480da0b3c82726b838c47c','JustinWatson',0),('19400454983','4018a63362c48229df0f60a7621c0098','BradleyMathis',0),('19547285262','c274271057cfea05317a9b09831c87ae','AmandaClark',0),('19609029979','7a1cac0b764138949cbc7f5af8a5a674','AmandaWilliams',0),('19803346789','f911361328fa1caa2651d10fa208fec6','DanielLee',0);
/*!40000 ALTER TABLE `user` ENABLE KEYS */;
UNLOCK TABLES;

--
-- Table structure for table `userfamily`
--

DROP TABLE IF EXISTS `userfamily`;
/*!40101 SET @saved_cs_client     = @@character_set_client */;
/*!50503 SET character_set_client = utf8mb4 */;
CREATE TABLE `userfamily` (
  `uf_userPhone` varchar(45) NOT NULL,
  `uf_familyId` varchar(45) NOT NULL,
  `isDeleted` int NOT NULL,
  PRIMARY KEY (`uf_userPhone`,`uf_familyId`),
  KEY `uf_familyId_idx` (`uf_familyId`),
  CONSTRAINT `uf_familyId` FOREIGN KEY (`uf_familyId`) REFERENCES `family` (`f_家庭号`),
  CONSTRAINT `uf_userPhone` FOREIGN KEY (`uf_userPhone`) REFERENCES `user` (`u_手机号码`)
) ENGINE=InnoDB DEFAULT CHARSET=utf8mb3;
/*!40101 SET character_set_client = @saved_cs_client */;

--
-- Dumping data for table `userfamily`
--

LOCK TABLES `userfamily` WRITE;
/*!40000 ALTER TABLE `userfamily` DISABLE KEYS */;
INSERT INTO `userfamily` VALUES ('10004497971','f017',1),('10359891548','f020',0),('10808353007','f009',0),('10851430708','f019',0),('10999290629','f023',0),('11057843562','f002',1),('11057843562','f012',0),('11065409314','f016',0),('11202647611','f024',0),('11299311963','f004',0),('11374275253','f027',0),('11379898815','f008',0),('11382376598','f020',0),('11445920136','f020',0),('11472631922','f028',0),('11496791662','f015',0),('11660760798','f021',0),('11744098913','f007',0),('11759194009','f018',0),('11884911352','f004',0),('11884911352','f014',0),('11978486745','f029',0),('12195470193','f017',1),('12328237567','f019',0),('12387027658','f022',0),('12502205762','f002',1),('12508765854','f028',0),('12646413043','f008',0),('12646413043','f018',0),('12734273616','f029',0),('12748035115','f027',0),('12930301927','f022',0),('13028519403','f003',1),('13184142573','f026',0),('13262627269','f001',1),('13281359709','f014',0),('13512072167','f024',0),('13599120226','f025',0),('13841181168','f016',0),('14004575383','f021',0),('14007793944','f005',0),('14265960783','f004',0),('14421152034','f030',0),('14711128705','f004',0),('14744122495','f008',0),('14948722052','f001',1),('15039480216','f018',0),('15051624105','f027',0),('15192207603','f014',0),('15287468944','f030',0),('15298862383','f014',0),('15308175554','f009',0),('15308175554','f019',0),('15330607884','f019',0),('15431695686','f026',0),('15459653856','f009',0),('15471084291','f005',0),('15471084291','f015',0),('15683450635','f006',0),('15683450635','f016',0),('15712572568','f010',0),('15718616595','f012',0),('15776461324','f006',0),('15837652795','f025',0),('15900446777','f011',0),('15940023555','f005',0),('15945109101','f015',0),('16070554229','f021',0),('16166055292','f013',0),('16172608583','f029',0),('16256446374','f011',0),('16288413433','f024',0),('16293633916','f026',0),('16314416672','f015',0),('16428229479','f025',0),('16612281632','f008',0),('16652890752','f010',0),('16676960520','f007',0),('16676960520','f017',1),('16758502440','f005',0),('16843067770','f006',0),('16872163600','f003',1),('16926941734','f012',0),('17127836790','f003',1),('17127836790','f013',0),('17224737230','f023',0),('17225621565','f007',0),('17271085965','f002',1),('17375388827','f030',0),('17528367492','f007',0),('17624138728','f018',0),('17834235820','f001',1),('17834235820','f011',0),('17837052080','f017',1),('17984533438','f002',1),('18127396800','f022',0),('18186697919','f013',0),('18417287012','f012',0),('18548615634','f003',1),('18556349960','f001',1),('18785543132','f010',0),('18785543132','f020',0),('18934509963','f023',0),('19035924925','f011',0),('19156278454','f006',0),('19324420367','f028',0),('19400454983','f016',0),('19547285262','f010',0),('19609029979','f013',0),('19803346789','f009',0);
/*!40000 ALTER TABLE `userfamily` ENABLE KEYS */;
UNLOCK TABLES;
/*!40103 SET TIME_ZONE=@OLD_TIME_ZONE */;

/*!40101 SET SQL_MODE=@OLD_SQL_MODE */;
/*!40014 SET FOREIGN_KEY_CHECKS=@OLD_FOREIGN_KEY_CHECKS */;
/*!40014 SET UNIQUE_CHECKS=@OLD_UNIQUE_CHECKS */;
/*!40101 SET CHARACTER_SET_CLIENT=@OLD_CHARACTER_SET_CLIENT */;
/*!40101 SET CHARACTER_SET_RESULTS=@OLD_CHARACTER_SET_RESULTS */;
/*!40101 SET COLLATION_CONNECTION=@OLD_COLLATION_CONNECTION */;
/*!40111 SET SQL_NOTES=@OLD_SQL_NOTES */;

-- Dump completed on 2021-10-14 17:23:37
