deviceId,time,light,isDeleted
d001,2021/10/3 9:59:00,"	447",0
d001,2021/10/3 9:59:01,"	447",0
d001,2021/10/3 9:59:02,"	447",0
d001,2021/10/3 9:59:03,"	447",0
d001,2021/10/3 9:59:04,"	447",0
d001,2021/10/3 9:59:05,"	447",0
d001,2021/10/3 9:59:06,"	447",0
d001,2021/10/3 9:59:07,"	447",0
d001,2021/10/3 9:59:08,"	447",0
d001,2021/10/3 9:59:09,"	447",0
d001,2021/10/3 9:59:10,"	447",0
d001,2021/10/3 9:59:11,"	447",0
d001,2021/10/3 9:59:12,"	447",0
d001,2021/10/3 9:59:13,"	446",0
d001,2021/10/3 9:59:14,"	447",0
d001,2021/10/3 9:59:15,"	446",0
d001,2021/10/3 9:59:16,"	447",0
d001,2021/10/3 9:59:17,"	447",0
d001,2021/10/3 9:59:18,"	447",0
d001,2021/10/3 9:59:19,"	446",0
d001,2021/10/3 9:59:20,"	446",0
d001,2021/10/3 9:59:21,"	446",0
d001,2021/10/3 9:59:22,"	446",0
d001,2021/10/3 9:59:23,"	446",0
d001,2021/10/3 9:59:24,"	447",0
d001,2021/10/3 9:59:25,"	446",0
d001,2021/10/3 9:59:26,"	446",0
d001,2021/10/3 9:59:27,"	446",0
d001,2021/10/3 9:59:28,"	447",0
d001,2021/10/3 9:59:29,"	446",0
d001,2021/10/3 9:59:30,"	446",0
d001,2021/10/3 9:59:31,"	446",0
d001,2021/10/3 9:59:32,"	446",0
d001,2021/10/3 9:59:33,"	446",0
d001,2021/10/3 9:59:34,"	446",0
d001,2021/10/3 9:59:35,"	446",0
d001,2021/10/3 9:59:36,"	446",0
d001,2021/10/3 9:59:37,"	446",0
d001,2021/10/3 9:59:38,"	446",0
d001,2021/10/3 9:59:39,"	446",0
d001,2021/10/3 9:59:40,"	446",0
d001,2021/10/3 9:59:41,"	446",0
d001,2021/10/3 9:59:42,"	446",0
d001,2021/10/3 9:59:43,"	447",0
d001,2021/10/3 9:59:44,"	446",0
d001,2021/10/3 9:59:45,"	446",0
d001,2021/10/3 9:59:46,"	446",0
d001,2021/10/3 9:59:47,"	446",0
d001,2021/10/3 9:59:48,"	446",0
d001,2021/10/3 9:59:49,"	446",0
d001,2021/10/3 9:59:50,"	446",0
d001,2021/10/3 9:59:51,"	446",0
d001,2021/10/3 9:59:52,"	446",0
d001,2021/10/3 9:59:53,"	446",0
d001,2021/10/3 9:59:54,"	446",0
d001,2021/10/3 9:59:55,"	447",0
d001,2021/10/3 9:59:56,"	446",0
d001,2021/10/3 9:59:57,"	447",0
d001,2021/10/3 9:59:58,"	446",0
d001,2021/10/3 9:59:59,"	446",0
d001,2021/10/3 10:00:00,"	446",0
d001,2021/10/3 10:00:01,"	447",0
d001,2021/10/3 10:00:02,"	446",0
d001,2021/10/3 10:00:03,"	446",0
d001,2021/10/3 10:00:04,"	446",0
d001,2021/10/3 10:00:05,"	446",0
d001,2021/10/3 10:00:06,"	446",0
d001,2021/10/3 10:00:07,"	447",0
d001,2021/10/3 10:00:08,"	446",0
d001,2021/10/3 10:00:09,"	447",0
d001,2021/10/3 10:00:10,"	446",0
d001,2021/10/3 10:00:11,"	446",0
d001,2021/10/3 10:00:12,"	446",0
d001,2021/10/3 10:00:13,"	446",0
d001,2021/10/3 10:00:14,"	446",0
d001,2021/10/3 10:00:15,"	446",0
d001,2021/10/3 10:00:16,"	446",0
d001,2021/10/3 10:00:17,"	446",0
d001,2021/10/3 10:00:18,"	446",0
d001,2021/10/3 10:00:19,"	446",0
d001,2021/10/3 10:00:20,"	446",0
d001,2021/10/3 10:00:21,"	446",0
d001,2021/10/3 10:00:22,"	446",0
d001,2021/10/3 10:00:23,"	446",0
d001,2021/10/3 10:00:24,"	446",0
d001,2021/10/3 10:00:25,"	446",0
d001,2021/10/3 10:00:26,"	446",0
d001,2021/10/3 10:00:27,"	446",0
d001,2021/10/3 10:00:28,"	446",0
d001,2021/10/3 10:00:29,"	446",0
d001,2021/10/3 10:00:30,"	446",0
d001,2021/10/3 10:00:31,"	446",0
d001,2021/10/3 10:00:32,"	446",0
d001,2021/10/3 10:00:33,"	446",0
d001,2021/10/3 10:00:34,"	446",0
d001,2021/10/3 10:00:35,"	446",0
d001,2021/10/3 10:00:36,"	446",0
d001,2021/10/3 10:00:37,"	446",0
d001,2021/10/3 10:00:38,"	446",0
d001,2021/10/3 10:00:39,"	446",0
d001,2021/10/3 10:00:39,"	446",0
d001,2021/10/3 10:00:40,"	446",0
d001,2021/10/3 10:00:41,"	446",0
d001,2021/10/3 10:00:42,"	446",0
d001,2021/10/3 10:00:43,"	446",0
d001,2021/10/3 10:00:44,"	446",0
d001,2021/10/3 10:00:45,"	446",0
d001,2021/10/3 10:00:46,"	446",0
d001,2021/10/3 10:00:47,"	446",0
d001,2021/10/3 10:00:48,"	446",0
d001,2021/10/3 10:00:49,"	446",0
d001,2021/10/3 10:00:50,"	446",0
d001,2021/10/3 10:00:51,"	445",0
d001,2021/10/3 10:00:52,"	446",0
d001,2021/10/3 10:00:53,"	446",0
d001,2021/10/3 10:00:54,"	446",0
d001,2021/10/3 10:00:55,"	446",0
d001,2021/10/3 10:00:56,"	446",0
d001,2021/10/3 10:00:57,"	446",0
d001,2021/10/3 10:00:58,"	446",0
d001,2021/10/3 10:00:59,"	446",0
d001,2021/10/3 10:01:00,"	446",0
d001,2021/10/3 10:01:01,"	448",0
d001,2021/10/3 10:01:02,"	446",0
d001,2021/10/3 10:01:03,"	446",0
d001,2021/10/3 10:01:04,"	446",0
d001,2021/10/3 10:01:05,"	446",0
d001,2021/10/3 10:01:06,"	446",0
d001,2021/10/3 10:01:07,"	446",0
d001,2021/10/3 10:01:08,"	446",0
d001,2021/10/3 10:01:09,"	446",0
d001,2021/10/3 10:01:10,"	446",0
d001,2021/10/3 10:01:11,"	446",0
d001,2021/10/3 10:01:12,"	446",0
d001,2021/10/3 10:01:13,"	446",0
d001,2021/10/3 10:01:14,"	446",0
d001,2021/10/3 10:01:15,"	446",0
d001,2021/10/3 10:01:16,"	446",0
d001,2021/10/3 10:01:17,"	446",0
d001,2021/10/3 10:01:18,"	446",0
d001,2021/10/3 10:01:19,"	446",0
d001,2021/10/3 10:01:20,"	446",0
d001,2021/10/3 10:01:21,"	446",0
d001,2021/10/3 10:01:22,"	446",0
d001,2021/10/3 10:01:23,"	446",0
d001,2021/10/3 10:01:24,"	446",0
d001,2021/10/3 10:01:25,"	446",0
d001,2021/10/3 10:01:26,"	446",0
d001,2021/10/3 10:01:27,"	446",0
d001,2021/10/3 10:01:28,"	446",0
d001,2021/10/3 10:01:29,"	446",0
d001,2021/10/3 10:01:30,"	446",0
d001,2021/10/3 10:01:31,"	446",0
d001,2021/10/3 10:01:32,"	446",0
d001,2021/10/3 10:01:33,"	446",0
d001,2021/10/3 10:01:34,"	446",0
d001,2021/10/3 10:01:35,"	446",0
d001,2021/10/3 10:01:36,"	446",0
d001,2021/10/3 10:01:37,"	446",0
d001,2021/10/3 10:01:38,"	446",0
d001,2021/10/3 10:01:39,"	446",0
d001,2021/10/3 10:01:40,"	446",0
d001,2021/10/3 10:01:41,"	446",0
d001,2021/10/3 10:01:42,"	446",0
d001,2021/10/3 10:01:43,"	446",0
d001,2021/10/3 10:01:44,"	446",0
d001,2021/10/3 10:01:45,"	446",0
d001,2021/10/3 10:01:46,"	446",0
d001,2021/10/3 10:01:47,"	446",0
d001,2021/10/3 10:01:48,"	446",0
d001,2021/10/3 10:01:49,"	446",0
d001,2021/10/3 10:01:50,"	446",0
d001,2021/10/3 10:01:51,"	445",0
d001,2021/10/3 10:01:52,"	446",0
d001,2021/10/3 10:01:53,"	446",0
d001,2021/10/3 10:01:54,"	446",0
d001,2021/10/3 10:01:55,"	446",0
d001,2021/10/3 10:01:56,"	447",0
d001,2021/10/3 10:01:57,"	444",0
d001,2021/10/3 10:01:58,"	436",0
d001,2021/10/3 10:01:59,"	443",0
d001,2021/10/3 10:02:00,"	448",0
d001,2021/10/3 10:02:01,"	680",0
d001,2021/10/3 10:02:02,"	659",0
d001,2021/10/3 10:02:03,"	641",0
d001,2021/10/3 10:02:04,"	648",0
d001,2021/10/3 10:02:05,"	559",0
d001,2021/10/3 10:02:06,"	563",0
d001,2021/10/3 10:02:07,"	561",0
d001,2021/10/3 10:02:08,"	595",0
d001,2021/10/3 10:02:09,"	624",0
d001,2021/10/3 10:02:10,"	623",0
d001,2021/10/3 10:02:11,"	623",0
d001,2021/10/3 10:02:12,"	613",0
d001,2021/10/3 10:02:13,"	597",0
d001,2021/10/3 10:02:14,"	623",0
d001,2021/10/3 10:02:15,"	635",0
d001,2021/10/3 10:02:16,"	651",0
d001,2021/10/3 10:02:17,"	695",0
d001,2021/10/3 10:02:18,"	718",0
d001,2021/10/3 10:02:19,"	751",0
d001,2021/10/3 10:02:20,"	764",0
d001,2021/10/3 10:02:21,"	762",0
d001,2021/10/3 10:02:22,"	757",0
d001,2021/10/3 10:02:23,"	759",0
d001,2021/10/3 10:02:24,"	760",0
d001,2021/10/3 10:02:25,"	746",0
d001,2021/10/3 10:02:26,"	712",0
d001,2021/10/3 10:02:27,"	707",0
d001,2021/10/3 10:02:28,"	707",0
d001,2021/10/3 10:02:29,"	708",0
d001,2021/10/3 10:02:30,"	708",0
d001,2021/10/3 10:02:31,"	709",0
d001,2021/10/3 10:02:32,"	709",0
d001,2021/10/3 10:02:33,"	711",0
d001,2021/10/3 10:02:34,"	710",0
d001,2021/10/3 10:02:35,"	711",0
d001,2021/10/3 10:02:36,"	711",0
d001,2021/10/3 10:02:37,"	712",0
d001,2021/10/3 10:02:38,"	708",0
d001,2021/10/3 10:02:39,"	696",0
d001,2021/10/3 10:02:40,"	706",0
d001,2021/10/3 10:02:41,"	680",0
d001,2021/10/3 10:02:42,"	681",0
d001,2021/10/3 10:02:43,"	682",0
d001,2021/10/3 10:02:44,"	670",0
d001,2021/10/3 10:02:45,"	661",0
d001,2021/10/3 10:02:46,"	656",0
d001,2021/10/3 10:02:47,"	655",0
d001,2021/10/3 10:02:48,"	662",0
d001,2021/10/3 10:02:49,"	662",0
d001,2021/10/3 10:02:50,"	698",0
d001,2021/10/3 10:02:51,"	699",0
d001,2021/10/3 10:02:52,"	699",0
d001,2021/10/3 10:02:53,"	699",0
d001,2021/10/3 10:02:54,"	698",0
d001,2021/10/3 10:02:55,"	663",0
d001,2021/10/3 10:02:56,"	619",0
d001,2021/10/3 10:02:57,"	597",0
d001,2021/10/3 10:02:58,"	639",0
d001,2021/10/3 10:02:59,"	504",0
d001,2021/10/3 10:03:00,"	571",0
d001,2021/10/3 10:03:01,"	605",0
d001,2021/10/3 10:03:02,"	598",0
d001,2021/10/3 10:03:03,"	661",0
d001,2021/10/3 10:03:04,"	687",0
d001,2021/10/3 10:03:05,"	681",0
d001,2021/10/3 10:03:06,"	680",0
d001,2021/10/3 10:03:07,"	683",0
d001,2021/10/3 10:03:08,"	684",0
d001,2021/10/3 10:03:09,"	685",0
d001,2021/10/3 10:03:10,"	685",0
d001,2021/10/3 10:03:11,"	686",0
d001,2021/10/3 10:03:12,"	686",0
d001,2021/10/3 10:03:13,"	686",0
d001,2021/10/3 10:03:14,"	687",0
d001,2021/10/3 10:03:15,"	686",0
d001,2021/10/3 10:03:16,"	687",0
d001,2021/10/3 10:03:17,"	688",0
d001,2021/10/3 10:03:18,"	688",0
d001,2021/10/3 10:03:19,"	688",0
d001,2021/10/3 10:03:20,"	688",0
d001,2021/10/3 10:03:21,"	689",0
d001,2021/10/3 10:03:22,"	688",0
d001,2021/10/3 10:03:23,"	688",0
d001,2021/10/3 10:03:24,"	689",0
d001,2021/10/3 10:03:25,"	689",0
d001,2021/10/3 10:03:26,"	689",0
d001,2021/10/3 10:03:27,"	690",0
d001,2021/10/3 10:03:28,"	688",0
d001,2021/10/3 10:03:29,"	688",0
d001,2021/10/3 10:03:30,"	688",0
d001,2021/10/3 10:03:31,"	689",0
d001,2021/10/3 10:03:32,"	689",0
d001,2021/10/3 10:03:33,"	689",0
d001,2021/10/3 10:03:34,"	690",0
d001,2021/10/3 10:03:35,"	690",0
d001,2021/10/3 10:03:36,"	690",0
d001,2021/10/3 10:03:37,"	690",0
d001,2021/10/3 10:03:38,"	692",0
d001,2021/10/3 10:03:39,"	692",0
d001,2021/10/3 10:03:40,"	694",0
d001,2021/10/3 10:03:41,"	690",0
d001,2021/10/3 10:03:42,"	687",0
d001,2021/10/3 10:03:43,"	663",0
d001,2021/10/3 10:03:44,"	627",0
d001,2021/10/3 10:03:45,"	699",0
d001,2021/10/3 10:03:46,"	699",0
d001,2021/10/3 10:03:47,"	698",0
d001,2021/10/3 10:03:48,"	698",0
d001,2021/10/3 10:03:49,"	699",0
d001,2021/10/3 10:03:50,"	702",0
d001,2021/10/3 10:03:51,"	698",0
d001,2021/10/3 10:03:52,"	699",0
d001,2021/10/3 10:03:53,"	698",0
d001,2021/10/3 10:03:54,"	699",0
d001,2021/10/3 10:03:55,"	699",0
d001,2021/10/3 10:03:56,"	699",0
d001,2021/10/3 10:03:57,"	699",0
d001,2021/10/3 10:03:58,"	699",0
d001,2021/10/3 10:03:58,"	699",0
d001,2021/10/3 10:03:59,"	699",0
d001,2021/10/3 10:04:00,"	699",0
d001,2021/10/3 10:04:01,"	699",0
d001,2021/10/3 10:04:02,"	700",0
d001,2021/10/3 10:04:03,"	700",0
d001,2021/10/3 10:04:04,"	698",0
d001,2021/10/3 10:04:05,"	700",0
d001,2021/10/3 10:04:06,"	699",0
d001,2021/10/3 10:04:07,"	697",0
d001,2021/10/3 10:04:08,"	720",0
d001,2021/10/3 10:04:09,"	755",0
d001,2021/10/3 10:04:10,"	746",0
d001,2021/10/3 10:04:11,"	726",0
d001,2021/10/3 10:04:12,"	774",0
d001,2021/10/3 10:04:13,"	789",0
d001,2021/10/3 10:04:14,"	819",0
d001,2021/10/3 10:04:15,"	775",0
d001,2021/10/3 10:04:16,"	785",0
d001,2021/10/3 10:04:17,"	772",0
d001,2021/10/3 10:04:18,"	776",0
d001,2021/10/3 10:04:19,"	778",0
d001,2021/10/3 10:04:20,"	783",0
d001,2021/10/3 10:04:21,"	782",0
d001,2021/10/3 10:04:22,"	779",0
d001,2021/10/3 10:04:23,"	813",0
d001,2021/10/3 10:04:24,"	812",0
d001,2021/10/3 10:04:25,"	812",0
d001,2021/10/3 10:04:26,"	809",0
d001,2021/10/3 10:04:27,"	809",0
d001,2021/10/3 10:04:28,"	806",0
d001,2021/10/3 10:04:29,"	806",0
d001,2021/10/3 10:04:30,"	806",0
d001,2021/10/3 10:04:31,"	806",0
d001,2021/10/3 10:04:32,"	808",0
d001,2021/10/3 10:04:33,"	806",0
d001,2021/10/3 10:04:34,"	805",0
d001,2021/10/3 10:04:35,"	805",0
d001,2021/10/3 10:04:36,"	805",0
d001,2021/10/3 10:04:37,"	805",0
d001,2021/10/3 10:04:38,"	804",0
d001,2021/10/3 10:04:39,"	802",0
d001,2021/10/3 10:04:40,"	804",0
d001,2021/10/3 10:04:41,"	804",0
d001,2021/10/3 10:04:42,"	804",0
d001,2021/10/3 10:04:43,"	805",0
d001,2021/10/3 10:04:44,"	804",0
d001,2021/10/3 10:04:45,"	805",0
d001,2021/10/3 10:04:46,"	804",0
d001,2021/10/3 10:04:47,"	805",0
d001,2021/10/3 10:04:48,"	802",0
d001,2021/10/3 10:04:49,"	797",0
d001,2021/10/3 10:04:50,"	796",0
d001,2021/10/3 10:04:51,"	792",0
d001,2021/10/3 10:04:52,"	761",0
d001,2021/10/3 10:04:53,"	728",0
d001,2021/10/3 10:04:54,"	733",0
d001,2021/10/3 10:04:55,"	734",0
d001,2021/10/3 10:04:56,"	646",0
d001,2021/10/3 10:04:57,"	545",0
d001,2021/10/3 10:04:58,"	587",0
d001,2021/10/3 10:04:59,"	649",0
d001,2021/10/3 10:05:00,"	651",0
d001,2021/10/3 10:05:01,"	659",0
d001,2021/10/3 10:05:02,"	639",0
d001,2021/10/3 10:05:03,"	641",0
d001,2021/10/3 10:05:04,"	640",0
d001,2021/10/3 10:05:05,"	640",0
d001,2021/10/3 10:05:06,"	640",0
d001,2021/10/3 10:05:07,"	641",0
d001,2021/10/3 10:05:08,"	640",0
d001,2021/10/3 10:05:09,"	640",0
d001,2021/10/3 10:05:10,"	640",0
d001,2021/10/3 10:05:11,"	641",0
d001,2021/10/3 10:05:12,"	641",0
d001,2021/10/3 10:05:13,"	638",0
d001,2021/10/3 10:05:14,"	638",0
d001,2021/10/3 10:05:15,"	637",0
d001,2021/10/3 10:05:16,"	636",0
d001,2021/10/3 10:05:17,"	636",0
d001,2021/10/3 10:05:18,"	636",0
d001,2021/10/3 10:05:19,"	637",0
d001,2021/10/3 10:05:20,"	639",0
d001,2021/10/3 10:05:21,"	638",0
d001,2021/10/3 10:05:22,"	638",0
d001,2021/10/3 10:05:23,"	638",0
d001,2021/10/3 10:05:24,"	638",0
d001,2021/10/3 10:05:25,"	640",0
d001,2021/10/3 10:05:26,"	639",0
d001,2021/10/3 10:05:27,"	638",0
d001,2021/10/3 10:05:28,"	637",0
d001,2021/10/3 10:05:29,"	636",0
d001,2021/10/3 10:05:30,"	642",0
d001,2021/10/3 10:05:31,"	662",0
d001,2021/10/3 10:05:32,"	690",0
d001,2021/10/3 10:05:33,"	700",0
d001,2021/10/3 10:05:34,"	705",0
d001,2021/10/3 10:05:35,"	716",0
d001,2021/10/3 10:05:36,"	695",0
d001,2021/10/3 10:05:37,"	695",0
d001,2021/10/3 10:05:38,"	668",0
d001,2021/10/3 10:05:39,"	719",0
d001,2021/10/3 10:05:40,"	730",0
d001,2021/10/3 10:05:41,"	736",0
d001,2021/10/3 10:05:42,"	671",0
d001,2021/10/3 10:05:43,"	631",0
d001,2021/10/3 10:05:44,"	546",0
d001,2021/10/3 10:05:45,"	569",0
d001,2021/10/3 10:05:46,"	572",0
d001,2021/10/3 10:05:47,"	630",0
d001,2021/10/3 10:05:48,"	624",0
d001,2021/10/3 10:05:49,"	608",0
d001,2021/10/3 10:05:50,"	590",0
d001,2021/10/3 10:05:51,"	566",0
d001,2021/10/3 10:05:52,"	564",0
d001,2021/10/3 10:05:53,"	559",0
d001,2021/10/3 10:05:54,"	565",0
d001,2021/10/3 10:05:55,"	567",0
d001,2021/10/3 10:05:56,"	572",0
d001,2021/10/3 10:05:57,"	571",0
d001,2021/10/3 10:05:58,"	571",0
d001,2021/10/3 10:05:59,"	571",0
d001,2021/10/3 10:06:00,"	570",0
d001,2021/10/3 10:06:01,"	569",0
d001,2021/10/3 10:06:02,"	568",0
d001,2021/10/3 10:06:03,"	567",0
d001,2021/10/3 10:06:04,"	567",0
d001,2021/10/3 10:06:05,"	567",0
d001,2021/10/3 10:06:06,"	567",0
d001,2021/10/3 10:06:07,"	568",0
d001,2021/10/3 10:06:08,"	568",0
d001,2021/10/3 10:06:09,"	570",0
d001,2021/10/3 10:06:10,"	574",0
d001,2021/10/3 10:06:11,"	571",0
d001,2021/10/3 10:06:12,"	554",0
d001,2021/10/3 10:06:13,"	542",0
d001,2021/10/3 10:06:14,"	577",0
d001,2021/10/3 10:06:15,"	582",0
d001,2021/10/3 10:06:16,"	581",0
d001,2021/10/3 10:06:17,"	583",0
d001,2021/10/3 10:06:18,"	584",0
d001,2021/10/3 10:06:19,"	583",0
d001,2021/10/3 10:06:20,"	586",0
d001,2021/10/3 10:06:21,"	594",0
d001,2021/10/3 10:06:22,"	594",0
d001,2021/10/3 10:06:23,"	605",0
d001,2021/10/3 10:06:24,"	615",0
d001,2021/10/3 10:06:25,"	618",0
d001,2021/10/3 10:06:26,"	617",0
d001,2021/10/3 10:06:27,"	617",0
d001,2021/10/3 10:06:28,"	617",0
d001,2021/10/3 10:06:29,"	622",0
d001,2021/10/3 10:06:30,"	646",0
d001,2021/10/3 10:06:31,"	704",0
d001,2021/10/3 10:06:32,"	674",0
d001,2021/10/3 10:06:33,"	660",0
d001,2021/10/3 10:06:34,"	616",0
d001,2021/10/3 10:06:35,"	592",0
d001,2021/10/3 10:06:36,"	581",0
d001,2021/10/3 10:06:37,"	578",0
d001,2021/10/3 10:06:38,"	571",0
d001,2021/10/3 10:06:39,"	568",0
d001,2021/10/3 10:06:40,"	589",0
d001,2021/10/3 10:06:41,"	589",0
d001,2021/10/3 10:06:42,"	591",0
d001,2021/10/3 10:06:43,"	590",0
d001,2021/10/3 10:06:44,"	588",0
d001,2021/10/3 10:06:45,"	586",0
d001,2021/10/3 10:06:46,"	585",0
d001,2021/10/3 10:06:47,"	582",0
d001,2021/10/3 10:06:48,"	580",0
d001,2021/10/3 10:06:49,"	588",0
d001,2021/10/3 10:06:50,"	596",0
d001,2021/10/3 10:06:51,"	610",0
d001,2021/10/3 10:06:52,"	632",0
d001,2021/10/3 10:06:53,"	628",0
d001,2021/10/3 10:06:54,"	618",0
d001,2021/10/3 10:06:55,"	580",0
d001,2021/10/3 10:06:56,"	616",0
d001,2021/10/3 10:06:57,"	621",0
d001,2021/10/3 10:06:58,"	617",0
d001,2021/10/3 10:06:59,"	609",0
d001,2021/10/3 10:07:00,"	696",0
d001,2021/10/3 10:07:01,"	505",0
d001,2021/10/3 10:07:02,"	522",0
d001,2021/10/3 10:07:03,"	505",0
d001,2021/10/3 10:07:04,"	527",0
d001,2021/10/3 10:07:05,"	534",0
d001,2021/10/3 10:07:06,"	515",0
d001,2021/10/3 10:07:07,"	486",0
d001,2021/10/3 10:07:08,"	502",0
d001,2021/10/3 10:07:09,"	457",0
d001,2021/10/3 10:07:10,"	447",0
d001,2021/10/3 10:07:11,"	465",0
d001,2021/10/3 10:07:12,"	490",0
d001,2021/10/3 10:07:13,"	540",0
d001,2021/10/3 10:07:14,"	535",0
d001,2021/10/3 10:07:15,"	535",0
d001,2021/10/3 10:07:16,"	547",0
d001,2021/10/3 10:07:17,"	544",0
d001,2021/10/3 10:07:17,"	520",0
d001,2021/10/3 10:07:18,"	499",0
d001,2021/10/3 10:07:19,"	488",0
d001,2021/10/3 10:07:20,"	461",0
d001,2021/10/3 10:07:21,"	427",0
d001,2021/10/3 10:07:22,"	522",0
d001,2021/10/3 10:07:23,"	471",0
d001,2021/10/3 10:07:24,"	458",0
d001,2021/10/3 10:07:25,"	522",0
d001,2021/10/3 10:07:26,"	452",0
d001,2021/10/3 10:07:27,"	381",0
d001,2021/10/3 10:07:28,"	363",0
d001,2021/10/3 10:07:29,"	456",0
d001,2021/10/3 10:07:30,"	386",0
d001,2021/10/3 10:07:31,"	394",0
d001,2021/10/3 10:07:32,"	287",0
d001,2021/10/3 10:07:33,"	259",0
d001,2021/10/3 10:07:34,"	232",0
d001,2021/10/3 10:07:35,"	243",0
d001,2021/10/3 10:07:36,"	201",0
d001,2021/10/3 10:07:37,"	208",0
d001,2021/10/3 10:07:38,"	199",0
d001,2021/10/3 10:07:39,"	194",0
d001,2021/10/3 10:07:40,"	220",0
d001,2021/10/3 10:07:41,"	251",0
d001,2021/10/3 10:07:42,"	262",0
d001,2021/10/3 10:07:43,"	235",0
d001,2021/10/3 10:07:44,"	244",0
d001,2021/10/3 10:07:45,"	220",0
d001,2021/10/3 10:07:46,"	258",0
d001,2021/10/3 10:07:47,"	293",0
d001,2021/10/3 10:07:48,"	224",0
d001,2021/10/3 10:07:49,"	241",0
d001,2021/10/3 10:07:50,"	266",0
d001,2021/10/3 10:07:51,"	326",0
d001,2021/10/3 10:07:52,"	303",0
d001,2021/10/3 10:07:53,"	277",0
d001,2021/10/3 10:07:54,"	314",0
d001,2021/10/3 10:07:55,"	365",0
d001,2021/10/3 10:07:56,"	308",0
d001,2021/10/3 10:07:57,"	289",0
d001,2021/10/3 10:07:58,"	308",0
d001,2021/10/3 10:07:59,"	345",0
d001,2021/10/3 10:08:00,"	354",0
d001,2021/10/3 10:08:01,"	262",0
d001,2021/10/3 10:08:02,"	283",0
d001,2021/10/3 10:08:03,"	275",0
d001,2021/10/3 10:08:04,"	270",0
d001,2021/10/3 10:08:05,"	263",0
d001,2021/10/3 10:08:06,"	288",0
d001,2021/10/3 10:08:07,"	321",0
d001,2021/10/3 10:08:08,"	287",0
d001,2021/10/3 10:08:09,"	282",0
d001,2021/10/3 10:08:10,"	350",0
d001,2021/10/3 10:08:11,"	417",0
d001,2021/10/3 10:08:12,"	424",0
d001,2021/10/3 10:08:13,"	357",0
d001,2021/10/3 10:08:14,"	494",0
d001,2021/10/3 10:08:15,"	578",0
d001,2021/10/3 10:08:16,"	673",0
d001,2021/10/3 10:08:17,"	544",0
d001,2021/10/3 10:08:18,"	538",0
d001,2021/10/3 10:08:19,"	659",0
d001,2021/10/3 10:08:20,"	799",0
d001,2021/10/3 10:08:21,"	821",0
d001,2021/10/3 10:08:22,"	829",0
d001,2021/10/3 10:08:23,"	826",0
d001,2021/10/3 10:08:24,"	827",0
d001,2021/10/3 10:08:25,"	827",0
d001,2021/10/3 10:08:26,"	838",0
d001,2021/10/3 10:08:27,"	849",0
d001,2021/10/3 10:08:28,"	847",0
d001,2021/10/3 10:08:29,"	843",0
d001,2021/10/3 10:08:30,"	835",0
d001,2021/10/3 10:08:31,"	844",0
d001,2021/10/3 10:08:32,"	851",0
d001,2021/10/3 10:08:33,"	855",0
d001,2021/10/3 10:08:34,"	852",0
d001,2021/10/3 10:08:35,"	856",0
d001,2021/10/3 10:08:36,"	853",0
d001,2021/10/3 10:08:37,"	851",0
d001,2021/10/3 10:08:38,"	851",0
d001,2021/10/3 10:08:39,"	851",0
d001,2021/10/3 10:08:40,"	850",0
d001,2021/10/3 10:08:41,"	851",0
d001,2021/10/3 10:08:42,"	853",0
d001,2021/10/3 10:08:43,"	853",0
d001,2021/10/3 10:08:44,"	853",0
d001,2021/10/3 10:08:45,"	853",0
d001,2021/10/3 10:08:46,"	851",0
d001,2021/10/3 10:08:47,"	872",0
d001,2021/10/3 10:08:48,"	873",0
d001,2021/10/3 10:08:49,"	868",0
d001,2021/10/3 10:08:50,"	857",0
d001,2021/10/3 10:08:51,"	855",0
d001,2021/10/3 10:08:52,"	841",0
d001,2021/10/3 10:08:53,"	830",0
d001,2021/10/3 10:08:54,"	827",0
d001,2021/10/3 10:08:55,"	826",0
d001,2021/10/3 10:08:56,"	825",0
d001,2021/10/3 10:08:57,"	829",0
d001,2021/10/3 10:08:58,"	829",0
d001,2021/10/3 10:08:59,"	830",0
d001,2021/10/3 10:09:00,"	829",0
d001,2021/10/3 10:09:01,"	829",0
d001,2021/10/3 10:09:02,"	829",0
d001,2021/10/3 10:09:03,"	829",0
d001,2021/10/3 10:09:04,"	830",0
d001,2021/10/3 10:09:05,"	834",0
d001,2021/10/3 10:09:06,"	834",0
d001,2021/10/3 10:09:07,"	840",0
d001,2021/10/3 10:09:08,"	847",0
d001,2021/10/3 10:09:09,"	847",0
d001,2021/10/3 10:09:10,"	847",0
d001,2021/10/3 10:09:11,"	846",0
d001,2021/10/3 10:09:12,"	846",0
d001,2021/10/3 10:09:13,"	847",0
d001,2021/10/3 10:09:14,"	847",0
d001,2021/10/3 10:09:15,"	846",0
d001,2021/10/3 10:09:16,"	847",0
d001,2021/10/3 10:09:17,"	845",0
d001,2021/10/3 10:09:18,"	845",0
d001,2021/10/3 10:09:19,"	845",0
d001,2021/10/3 10:09:20,"	845",0
d001,2021/10/3 10:09:21,"	846",0
d001,2021/10/3 10:09:22,"	846",0
d001,2021/10/3 10:09:23,"	846",0
d001,2021/10/3 10:09:24,"	846",0
d001,2021/10/3 10:09:25,"	846",0
d001,2021/10/3 10:09:26,"	840",0
d001,2021/10/3 10:09:27,"	839",0
d001,2021/10/3 10:09:28,"	841",0
d001,2021/10/3 10:09:29,"	842",0
d001,2021/10/3 10:09:30,"	842",0
d001,2021/10/3 10:09:31,"	842",0
d001,2021/10/3 10:09:32,"	846",0
d001,2021/10/3 10:09:33,"	816",0
d001,2021/10/3 10:09:34,"	820",0
d001,2021/10/3 10:09:35,"	818",0
d001,2021/10/3 10:09:36,"	815",0
d001,2021/10/3 10:09:37,"	807",0
d001,2021/10/3 10:09:38,"	807",0
d001,2021/10/3 10:09:39,"	807",0
d001,2021/10/3 10:09:40,"	807",0
d001,2021/10/3 10:09:41,"	807",0
d001,2021/10/3 10:09:42,"	807",0
d001,2021/10/3 10:09:43,"	807",0
d001,2021/10/3 10:09:44,"	807",0
d001,2021/10/3 10:09:45,"	807",0
d001,2021/10/3 10:09:46,"	808",0
d001,2021/10/3 10:09:47,"	808",0
d001,2021/10/3 10:09:48,"	808",0
d001,2021/10/3 10:09:49,"	808",0
d001,2021/10/3 10:09:50,"	808",0
d001,2021/10/3 10:09:51,"	808",0
d001,2021/10/3 10:09:52,"	808",0
d001,2021/10/3 10:09:53,"	815",0
d001,2021/10/3 10:09:54,"	818",0
d001,2021/10/3 10:09:55,"	831",0
d001,2021/10/3 10:09:56,"	837",0
d001,2021/10/3 10:09:57,"	841",0
d001,2021/10/3 10:09:58,"	829",0
d001,2021/10/3 10:09:59,"	778",0
d001,2021/10/3 10:10:00,"	788",0
d001,2021/10/3 10:10:01,"	797",0
d001,2021/10/3 10:10:02,"	603",0
d001,2021/10/3 10:10:03,"	494",0
d001,2021/10/3 10:10:04,"	413",0
d001,2021/10/3 10:10:05,"	438",0
d001,2021/10/3 10:10:06,"	380",0
d001,2021/10/3 10:10:07,"	461",0
d001,2021/10/3 10:10:08,"	471",0
d001,2021/10/3 10:10:09,"	447",0
d001,2021/10/3 10:10:10,"	392",0
d001,2021/10/3 10:10:11,"	407",0
d001,2021/10/3 10:10:12,"	466",0
d001,2021/10/3 10:10:13,"	461",0
d001,2021/10/3 10:10:14,"	382",0
d001,2021/10/3 10:10:15,"	413",0
d001,2021/10/3 10:10:16,"	460",0
d001,2021/10/3 10:10:17,"	456",0
d001,2021/10/3 10:10:18,"	422",0
d001,2021/10/3 10:10:19,"	345",0
d001,2021/10/3 10:10:20,"	334",0
d001,2021/10/3 10:10:21,"	357",0
d001,2021/10/3 10:10:22,"	318",0
d001,2021/10/3 10:10:23,"	316",0
d001,2021/10/3 10:10:24,"	327",0
d001,2021/10/3 10:10:25,"	336",0
d001,2021/10/3 10:10:26,"	374",0
d001,2021/10/3 10:10:27,"	362",0
d001,2021/10/3 10:10:28,"	350",0
d001,2021/10/3 10:10:29,"	361",0
d001,2021/10/3 10:10:30,"	342",0
d001,2021/10/3 10:10:31,"	315",0
d001,2021/10/3 10:10:32,"	320",0
d001,2021/10/3 10:10:33,"	303",0
d001,2021/10/3 10:10:34,"	298",0
d001,2021/10/3 10:10:35,"	307",0
d001,2021/10/3 10:10:36,"	331",0
d001,2021/10/3 10:10:36,"	287",0
d001,2021/10/3 10:10:37,"	298",0
d001,2021/10/3 10:10:38,"	330",0
d001,2021/10/3 10:10:39,"	332",0
d001,2021/10/3 10:10:40,"	346",0
d001,2021/10/3 10:10:41,"	294",0
d001,2021/10/3 10:10:42,"	376",0
d001,2021/10/3 10:10:43,"	409",0
d001,2021/10/3 10:10:44,"	419",0
d001,2021/10/3 10:10:45,"	508",0
d001,2021/10/3 10:10:46,"	486",0
d001,2021/10/3 10:10:47,"	473",0
d001,2021/10/3 10:10:48,"	500",0
d001,2021/10/3 10:10:49,"	572",0
d001,2021/10/3 10:10:50,"	590",0
d001,2021/10/3 10:10:51,"	609",0
d001,2021/10/3 10:10:52,"	641",0
d001,2021/10/3 10:10:53,"	591",0
d001,2021/10/3 10:10:54,"	585",0
d001,2021/10/3 10:10:55,"	593",0
d001,2021/10/3 10:10:56,"	619",0
d001,2021/10/3 10:10:57,"	645",0
d001,2021/10/3 10:10:58,"	648",0
d001,2021/10/3 10:10:59,"	635",0
d001,2021/10/3 10:11:00,"	665",0
d001,2021/10/3 10:11:01,"	674",0
d001,2021/10/3 10:11:02,"	636",0
d001,2021/10/3 10:11:03,"	603",0
d001,2021/10/3 10:11:04,"	598",0
d001,2021/10/3 10:11:05,"	592",0
d001,2021/10/3 10:11:06,"	659",0
d001,2021/10/3 10:11:07,"	698",0
d001,2021/10/3 10:11:08,"	638",0
d001,2021/10/3 10:11:09,"	655",0
d001,2021/10/3 10:11:10,"	667",0
d001,2021/10/3 10:11:11,"	673",0
d001,2021/10/3 10:11:12,"	583",0
d001,2021/10/3 10:11:13,"	583",0
d001,2021/10/3 10:11:14,"	588",0
d001,2021/10/3 10:11:15,"	596",0
d001,2021/10/3 10:11:16,"	608",0
d001,2021/10/3 10:11:17,"	623",0
d001,2021/10/3 10:11:18,"	624",0
d001,2021/10/3 10:11:19,"	637",0
d001,2021/10/3 10:11:20,"	632",0
d001,2021/10/3 10:11:21,"	636",0
d001,2021/10/3 10:11:22,"	631",0
d001,2021/10/3 10:11:23,"	635",0
d001,2021/10/3 10:11:24,"	635",0
d001,2021/10/3 10:11:25,"	635",0
d001,2021/10/3 10:11:26,"	635",0
d001,2021/10/3 10:11:27,"	635",0
d001,2021/10/3 10:11:28,"	634",0
d001,2021/10/3 10:11:29,"	634",0
d001,2021/10/3 10:11:30,"	628",0
d001,2021/10/3 10:11:31,"	628",0
d001,2021/10/3 10:11:32,"	628",0
d001,2021/10/3 10:11:33,"	628",0
d001,2021/10/3 10:11:34,"	628",0
d001,2021/10/3 10:11:35,"	628",0
d001,2021/10/3 10:11:36,"	628",0
d001,2021/10/3 10:11:37,"	629",0
d001,2021/10/3 10:11:38,"	627",0
d001,2021/10/3 10:11:39,"	628",0
d001,2021/10/3 10:11:40,"	627",0
d001,2021/10/3 10:11:41,"	627",0
d001,2021/10/3 10:11:42,"	627",0
d001,2021/10/3 10:11:43,"	629",0
d001,2021/10/3 10:11:44,"	627",0
d001,2021/10/3 10:11:45,"	628",0
d001,2021/10/3 10:11:46,"	628",0
d001,2021/10/3 10:11:47,"	628",0
d001,2021/10/3 10:11:48,"	628",0
d001,2021/10/3 10:11:49,"	628",0
d001,2021/10/3 10:11:50,"	627",0
d001,2021/10/3 10:11:51,"	627",0
d001,2021/10/3 10:11:52,"	628",0
d001,2021/10/3 10:11:53,"	628",0
d001,2021/10/3 10:11:54,"	629",0
d001,2021/10/3 10:11:55,"	627",0
d001,2021/10/3 10:11:56,"	627",0
d001,2021/10/3 10:11:57,"	628",0
d001,2021/10/3 10:11:58,"	628",0
d001,2021/10/3 10:11:59,"	628",0
d001,2021/10/3 10:12:00,"	628",0
d001,2021/10/3 10:12:01,"	627",0
d001,2021/10/3 10:12:02,"	627",0
d001,2021/10/3 10:12:03,"	628",0
d001,2021/10/3 10:12:04,"	628",0
d001,2021/10/3 10:12:05,"	628",0
d001,2021/10/3 10:12:06,"	628",0
d001,2021/10/3 10:12:07,"	628",0
d001,2021/10/3 10:12:08,"	628",0
d001,2021/10/3 10:12:09,"	628",0
d001,2021/10/3 10:12:10,"	628",0
d001,2021/10/3 10:12:11,"	628",0
d001,2021/10/3 10:12:12,"	628",0
d001,2021/10/3 10:12:13,"	627",0
d001,2021/10/3 10:12:14,"	628",0
d001,2021/10/3 10:12:15,"	628",0
d001,2021/10/3 10:12:16,"	628",0
d001,2021/10/3 10:12:17,"	628",0
d001,2021/10/3 10:12:18,"	628",0
d001,2021/10/3 10:12:19,"	628",0
d001,2021/10/3 10:12:20,"	628",0
d001,2021/10/3 10:12:21,"	628",0
d001,2021/10/3 10:12:22,"	628",0
d001,2021/10/3 10:12:23,"	628",0
d001,2021/10/3 10:12:24,"	627",0
d001,2021/10/3 10:12:25,"	628",0
d001,2021/10/3 10:12:26,"	628",0
d001,2021/10/3 10:12:27,"	628",0
d001,2021/10/3 10:12:28,"	628",0
d001,2021/10/3 10:12:29,"	627",0
d001,2021/10/3 10:12:30,"	627",0
d001,2021/10/3 10:12:31,"	628",0
d001,2021/10/3 10:12:32,"	628",0
d001,2021/10/3 10:12:33,"	626",0
d001,2021/10/3 10:12:34,"	627",0
d001,2021/10/3 10:12:35,"	627",0
d001,2021/10/3 10:12:36,"	628",0
d001,2021/10/3 10:12:37,"	627",0
d001,2021/10/3 10:12:38,"	628",0
d001,2021/10/3 10:12:39,"	627",0
d001,2021/10/3 10:12:40,"	627",0
d001,2021/10/3 10:12:41,"	627",0
d001,2021/10/3 10:12:42,"	628",0
d001,2021/10/3 10:12:43,"	627",0
d001,2021/10/3 10:12:44,"	628",0
d001,2021/10/3 10:12:45,"	628",0
d001,2021/10/3 10:12:46,"	627",0
d001,2021/10/3 10:12:47,"	628",0
d001,2021/10/3 10:12:48,"	627",0
d001,2021/10/3 10:12:49,"	628",0
d001,2021/10/3 10:12:50,"	627",0
d001,2021/10/3 10:12:51,"	627",0
d001,2021/10/3 10:12:52,"	627",0
d001,2021/10/3 10:12:53,"	628",0
d001,2021/10/3 10:12:54,"	627",0
d001,2021/10/3 10:12:55,"	627",0
d001,2021/10/3 10:12:56,"	625",0
d001,2021/10/3 10:12:57,"	627",0
d001,2021/10/3 10:12:58,"	627",0
d001,2021/10/3 10:12:59,"	627",0
d001,2021/10/3 10:13:00,"	627",0
d001,2021/10/3 10:13:01,"	627",0
d001,2021/10/3 10:13:02,"	627",0
d001,2021/10/3 10:13:03,"	627",0
d001,2021/10/3 10:13:04,"	628",0
d001,2021/10/3 10:13:05,"	627",0
d001,2021/10/3 10:13:06,"	627",0
d001,2021/10/3 10:13:07,"	627",0
d001,2021/10/3 10:13:08,"	627",0
d001,2021/10/3 10:13:09,"	627",0
d001,2021/10/3 10:13:10,"	627",0
d001,2021/10/3 10:13:11,"	627",0
d001,2021/10/3 10:13:12,"	627",0
d001,2021/10/3 10:13:13,"	627",0
d001,2021/10/3 10:13:14,"	627",0
d001,2021/10/3 10:13:15,"	627",0
d001,2021/10/3 10:13:16,"	627",0
d001,2021/10/3 10:13:17,"	627",0
d001,2021/10/3 10:13:18,"	628",0
d001,2021/10/3 10:13:19,"	627",0
d001,2021/10/3 10:13:20,"	627",0
d001,2021/10/3 10:13:21,"	627",0
d001,2021/10/3 10:13:22,"	627",0
d001,2021/10/3 10:13:23,"	627",0
d001,2021/10/3 10:13:24,"	628",0
d001,2021/10/3 10:13:25,"	627",0
d001,2021/10/3 10:13:26,"	627",0
d001,2021/10/3 10:13:27,"	628",0
d001,2021/10/3 10:13:28,"	627",0
d001,2021/10/3 10:13:29,"	627",0
d001,2021/10/3 10:13:30,"	627",0
d001,2021/10/3 10:13:31,"	627",0
d001,2021/10/3 10:13:32,"	627",0
d001,2021/10/3 10:13:33,"	627",0
d001,2021/10/3 10:13:34,"	627",0
d001,2021/10/3 10:13:35,"	627",0
d001,2021/10/3 10:13:36,"	627",0
d001,2021/10/3 10:13:37,"	628",0
d001,2021/10/3 10:13:38,"	627",0
d001,2021/10/3 10:13:39,"	627",0
d001,2021/10/3 10:13:40,"	627",0
d001,2021/10/3 10:13:41,"	627",0
d001,2021/10/3 10:13:42,"	627",0
d001,2021/10/3 10:13:43,"	627",0
d001,2021/10/3 10:13:44,"	627",0
d001,2021/10/3 10:13:45,"	627",0
d001,2021/10/3 10:13:46,"	627",0
d001,2021/10/3 10:13:47,"	627",0
d001,2021/10/3 10:13:48,"	627",0
d001,2021/10/3 10:13:49,"	627",0
d001,2021/10/3 10:13:50,"	627",0
d001,2021/10/3 10:13:51,"	627",0
d001,2021/10/3 10:13:52,"	628",0
d001,2021/10/3 10:13:53,"	627",0
d001,2021/10/3 10:13:54,"	627",0
d001,2021/10/3 10:13:55,"	626",0
d001,2021/10/3 10:13:55,"	627",0
d001,2021/10/3 10:13:56,"	627",0
d001,2021/10/3 10:13:57,"	627",0
d001,2021/10/3 10:13:58,"	627",0
d001,2021/10/3 10:13:59,"	627",0
d001,2021/10/3 10:14:00,"	626",0
d001,2021/10/3 10:14:01,"	627",0
d001,2021/10/3 10:14:02,"	627",0
d001,2021/10/3 10:14:03,"	627",0
d001,2021/10/3 10:14:04,"	627",0
d001,2021/10/3 10:14:05,"	627",0
d001,2021/10/3 10:14:06,"	627",0
d001,2021/10/3 10:14:07,"	627",0
d001,2021/10/3 10:14:08,"	627",0
d001,2021/10/3 10:14:09,"	628",0
d001,2021/10/3 10:14:10,"	627",0
d001,2021/10/3 10:14:11,"	627",0
d001,2021/10/3 10:14:12,"	626",0
d001,2021/10/3 10:14:13,"	628",0
d001,2021/10/3 10:14:14,"	627",0
d001,2021/10/3 10:14:15,"	627",0
d001,2021/10/3 10:14:16,"	627",0
d001,2021/10/3 10:14:17,"	627",0
d001,2021/10/3 10:14:18,"	627",0
d001,2021/10/3 10:14:19,"	627",0
d001,2021/10/3 10:14:20,"	627",0
d001,2021/10/3 10:14:21,"	627",0
d001,2021/10/3 10:14:22,"	627",0
d001,2021/10/3 10:14:23,"	628",0
d001,2021/10/3 10:14:24,"	627",0
d001,2021/10/3 10:14:25,"	628",0
d001,2021/10/3 10:14:26,"	627",0
d001,2021/10/3 10:14:27,"	627",0
d001,2021/10/3 10:14:28,"	627",0
d001,2021/10/3 10:14:29,"	627",0
d001,2021/10/3 10:14:30,"	628",0
d001,2021/10/3 10:14:31,"	627",0
d001,2021/10/3 10:14:32,"	627",0
d001,2021/10/3 10:14:33,"	627",0
d001,2021/10/3 10:14:34,"	627",0
d001,2021/10/3 10:14:35,"	627",0
d001,2021/10/3 10:14:36,"	627",0
d001,2021/10/3 10:14:37,"	627",0
d001,2021/10/3 10:14:38,"	627",0
d001,2021/10/3 10:14:39,"	627",0
d001,2021/10/3 10:14:40,"	627",0
d001,2021/10/3 10:14:41,"	628",0
d001,2021/10/3 10:14:42,"	627",0
d001,2021/10/3 10:14:43,"	628",0
d001,2021/10/3 10:14:44,"	627",0
d001,2021/10/3 10:14:45,"	627",0
d001,2021/10/3 10:14:46,"	627",0
d001,2021/10/3 10:14:47,"	627",0
d001,2021/10/3 10:14:48,"	627",0
d001,2021/10/3 10:14:49,"	627",0
d001,2021/10/3 10:14:50,"	628",0
d001,2021/10/3 10:14:51,"	627",0
d001,2021/10/3 10:14:52,"	627",0
d001,2021/10/3 10:14:53,"	627",0
d001,2021/10/3 10:14:54,"	627",0
d001,2021/10/3 10:14:55,"	628",0
d001,2021/10/3 10:14:56,"	627",0
d001,2021/10/3 10:14:57,"	627",0
d001,2021/10/3 10:14:58,"	627",0
d001,2021/10/3 10:14:59,"	627",0
d001,2021/10/3 10:15:00,"	627",0
d001,2021/10/3 10:15:01,"	628",0
d001,2021/10/3 10:15:02,"	627",0
d001,2021/10/3 10:15:03,"	627",0
d001,2021/10/3 10:15:04,"	627",0
d001,2021/10/3 10:15:05,"	627",0
d001,2021/10/3 10:15:06,"	627",0
d001,2021/10/3 10:15:07,"	627",0
d001,2021/10/3 10:15:08,"	627",0
d001,2021/10/3 10:15:09,"	627",0
d001,2021/10/3 10:15:10,"	627",0
d001,2021/10/3 10:15:11,"	627",0
d001,2021/10/3 10:15:12,"	628",0
d001,2021/10/3 10:15:13,"	627",0
d001,2021/10/3 10:15:14,"	628",0
d001,2021/10/3 10:15:15,"	627",0
d001,2021/10/3 10:15:16,"	627",0
d001,2021/10/3 10:15:17,"	627",0
d001,2021/10/3 10:15:18,"	627",0
d001,2021/10/3 10:15:19,"	627",0
d001,2021/10/3 10:15:20,"	627",0
d001,2021/10/3 10:15:21,"	627",0
d001,2021/10/3 10:15:22,"	628",0
d001,2021/10/3 10:15:23,"	627",0
d001,2021/10/3 10:15:24,"	627",0
d001,2021/10/3 10:15:25,"	627",0
d001,2021/10/3 10:15:26,"	627",0
d001,2021/10/3 10:15:27,"	627",0
d001,2021/10/3 10:15:28,"	627",0
d001,2021/10/3 10:15:29,"	627",0
d001,2021/10/3 10:15:30,"	627",0
d001,2021/10/3 10:15:31,"	627",0
d001,2021/10/3 10:15:32,"	627",0
d001,2021/10/3 10:15:33,"	627",0
d001,2021/10/3 10:15:34,"	627",0
d001,2021/10/3 10:15:35,"	627",0
d001,2021/10/3 10:15:36,"	627",0
d001,2021/10/3 10:15:37,"	628",0
d001,2021/10/3 10:15:38,"	627",0
d001,2021/10/3 10:15:39,"	627",0
d001,2021/10/3 10:15:40,"	627",0
d001,2021/10/3 10:15:41,"	627",0
d001,2021/10/3 10:15:42,"	627",0
d001,2021/10/3 10:15:43,"	627",0
d001,2021/10/3 10:15:44,"	627",0
d001,2021/10/3 10:15:45,"	627",0
d001,2021/10/3 10:15:46,"	627",0
d001,2021/10/3 10:15:47,"	627",0
d001,2021/10/3 10:15:48,"	627",0
d001,2021/10/3 10:15:49,"	627",0
d001,2021/10/3 10:15:50,"	627",0
d001,2021/10/3 10:15:51,"	628",0
d001,2021/10/3 10:15:52,"	627",0
d001,2021/10/3 10:15:53,"	627",0
d001,2021/10/3 10:15:54,"	627",0
d001,2021/10/3 10:15:55,"	627",0
d001,2021/10/3 10:15:56,"	627",0
d001,2021/10/3 10:15:57,"	627",0
d001,2021/10/3 10:15:58,"	628",0
d001,2021/10/3 10:15:59,"	627",0
d001,2021/10/3 10:16:00,"	627",0
d001,2021/10/3 10:16:01,"	627",0
d001,2021/10/3 10:16:02,"	627",0
d001,2021/10/3 10:16:03,"	627",0
d001,2021/10/3 10:16:04,"	627",0
d001,2021/10/3 10:16:05,"	628",0
d001,2021/10/3 10:16:06,"	628",0
d001,2021/10/3 10:16:07,"	627",0
d001,2021/10/3 10:16:08,"	627",0
d001,2021/10/3 10:16:09,"	627",0
d001,2021/10/3 10:16:10,"	627",0
d001,2021/10/3 10:16:11,"	628",0
d001,2021/10/3 10:16:12,"	628",0
d001,2021/10/3 10:16:13,"	627",0
d001,2021/10/3 10:16:14,"	627",0
d001,2021/10/3 10:16:15,"	628",0
d001,2021/10/3 10:16:16,"	627",0
d001,2021/10/3 10:16:17,"	627",0
d001,2021/10/3 10:16:18,"	628",0
d001,2021/10/3 10:16:19,"	627",0
d001,2021/10/3 10:16:20,"	627",0
d001,2021/10/3 10:16:21,"	627",0
d001,2021/10/3 10:16:22,"	628",0
d001,2021/10/3 10:16:23,"	627",0
d001,2021/10/3 10:16:24,"	627",0
d001,2021/10/3 10:16:25,"	627",0
d001,2021/10/3 10:16:26,"	627",0
d001,2021/10/3 10:16:27,"	627",0
d001,2021/10/3 10:16:28,"	627",0
d001,2021/10/3 10:16:29,"	627",0
d001,2021/10/3 10:16:30,"	627",0
d001,2021/10/3 10:16:31,"	627",0
d001,2021/10/3 10:16:32,"	627",0
d001,2021/10/3 10:16:33,"	627",0
d001,2021/10/3 10:16:34,"	627",0
d001,2021/10/3 10:16:35,"	627",0
d001,2021/10/3 10:16:36,"	627",0
d001,2021/10/3 10:16:37,"	627",0
d001,2021/10/3 10:16:38,"	628",0
d001,2021/10/3 10:16:39,"	627",0
d001,2021/10/3 10:16:40,"	627",0
d001,2021/10/3 10:16:41,"	627",0
d001,2021/10/3 10:16:42,"	628",0
d001,2021/10/3 10:16:43,"	627",0
d001,2021/10/3 10:16:44,"	627",0
d001,2021/10/3 10:16:45,"	627",0
d001,2021/10/3 10:16:46,"	627",0
d001,2021/10/3 10:16:47,"	627",0
d001,2021/10/3 10:16:48,"	627",0
d001,2021/10/3 10:16:49,"	627",0
d001,2021/10/3 10:16:50,"	628",0
d001,2021/10/3 10:16:51,"	627",0
d001,2021/10/3 10:16:52,"	628",0
d001,2021/10/3 10:16:53,"	627",0
d001,2021/10/3 10:16:54,"	627",0
d001,2021/10/3 10:16:55,"	627",0
d001,2021/10/3 10:16:56,"	627",0
d001,2021/10/3 10:16:57,"	628",0
d001,2021/10/3 10:16:58,"	627",0
d001,2021/10/3 10:16:59,"	628",0
d001,2021/10/3 10:17:00,"	627",0
d001,2021/10/3 10:17:01,"	627",0
d001,2021/10/3 10:17:02,"	628",0
d001,2021/10/3 10:17:03,"	628",0
d001,2021/10/3 10:17:04,"	628",0
d001,2021/10/3 10:17:05,"	627",0
d001,2021/10/3 10:17:06,"	627",0
d001,2021/10/3 10:17:07,"	628",0
d001,2021/10/3 10:17:08,"	627",0
d001,2021/10/3 10:17:09,"	628",0
d001,2021/10/3 10:17:10,"	628",0
d001,2021/10/3 10:17:11,"	627",0
d001,2021/10/3 10:17:12,"	627",0
d001,2021/10/3 10:17:13,"	627",0
d001,2021/10/3 10:17:14,"	628",0
d001,2021/10/3 10:17:14,"	627",0
d001,2021/10/3 10:17:15,"	628",0
d001,2021/10/3 10:17:16,"	628",0
d001,2021/10/3 10:17:17,"	628",0
d001,2021/10/3 10:17:18,"	628",0
d001,2021/10/3 10:17:19,"	628",0
d001,2021/10/3 10:17:20,"	627",0
d001,2021/10/3 10:17:21,"	628",0
d001,2021/10/3 10:17:22,"	627",0
d001,2021/10/3 10:17:23,"	627",0
d001,2021/10/3 10:17:24,"	627",0
d001,2021/10/3 10:17:25,"	628",0
d001,2021/10/3 10:17:26,"	627",0
d001,2021/10/3 10:17:27,"	627",0
d001,2021/10/3 10:17:28,"	627",0
d001,2021/10/3 10:17:29,"	627",0
d001,2021/10/3 10:17:30,"	629",0
d001,2021/10/3 10:17:31,"	627",0
d001,2021/10/3 10:17:32,"	628",0
d001,2021/10/3 10:17:33,"	627",0
d001,2021/10/3 10:17:34,"	628",0
d001,2021/10/3 10:17:35,"	627",0
d001,2021/10/3 10:17:36,"	627",0
d001,2021/10/3 10:17:37,"	627",0
d001,2021/10/3 10:17:38,"	627",0
d001,2021/10/3 10:17:39,"	627",0
d001,2021/10/3 10:17:40,"	627",0
d001,2021/10/3 10:17:41,"	627",0
d001,2021/10/3 10:17:42,"	627",0
d001,2021/10/3 10:17:43,"	627",0
d001,2021/10/3 10:17:44,"	627",0
d001,2021/10/3 10:17:45,"	629",0
d001,2021/10/3 10:17:46,"	627",0
d001,2021/10/3 10:17:47,"	627",0
d001,2021/10/3 10:17:48,"	627",0
d001,2021/10/3 10:17:49,"	628",0
d001,2021/10/3 10:17:50,"	628",0
d001,2021/10/3 10:17:51,"	628",0
d001,2021/10/3 10:17:52,"	628",0
d001,2021/10/3 10:17:53,"	627",0
d001,2021/10/3 10:17:54,"	628",0
d001,2021/10/3 10:17:55,"	628",0
d001,2021/10/3 10:17:56,"	628",0
d001,2021/10/3 10:17:57,"	628",0
d001,2021/10/3 10:17:58,"	628",0
d001,2021/10/3 10:17:59,"	628",0
d001,2021/10/3 10:18:00,"	628",0
d001,2021/10/3 10:18:01,"	627",0
d001,2021/10/3 10:18:02,"	627",0
d001,2021/10/3 10:18:03,"	627",0
d001,2021/10/3 10:18:04,"	628",0
d001,2021/10/3 10:18:05,"	627",0
d001,2021/10/3 10:18:06,"	627",0
d001,2021/10/3 10:18:07,"	627",0
d001,2021/10/3 10:18:08,"	627",0
d001,2021/10/3 10:18:09,"	627",0
d001,2021/10/3 10:18:10,"	627",0
d001,2021/10/3 10:18:11,"	627",0
d001,2021/10/3 10:18:12,"	627",0
d001,2021/10/3 10:18:13,"	627",0
d001,2021/10/3 10:18:14,"	628",0
d001,2021/10/3 10:18:15,"	627",0
d001,2021/10/3 10:18:16,"	627",0
d001,2021/10/3 10:18:17,"	627",0
d001,2021/10/3 10:18:18,"	628",0
d001,2021/10/3 10:18:19,"	627",0
d001,2021/10/3 10:18:20,"	628",0
d001,2021/10/3 10:18:21,"	628",0
d001,2021/10/3 10:18:22,"	628",0
d001,2021/10/3 10:18:23,"	628",0
d001,2021/10/3 10:18:24,"	627",0
d001,2021/10/3 10:18:25,"	627",0
d001,2021/10/3 10:18:26,"	627",0
d001,2021/10/3 10:18:27,"	627",0
d001,2021/10/3 10:18:28,"	627",0
d001,2021/10/3 10:18:29,"	628",0
d001,2021/10/3 10:18:30,"	628",0
d001,2021/10/3 10:18:31,"	627",0
d001,2021/10/3 10:18:32,"	628",0
d001,2021/10/3 10:18:33,"	628",0
d001,2021/10/3 10:18:34,"	628",0
d001,2021/10/3 10:18:35,"	628",0
d001,2021/10/3 10:18:36,"	628",0
d001,2021/10/3 10:18:37,"	628",0
d001,2021/10/3 10:18:38,"	628",0
d001,2021/10/3 10:18:39,"	628",0
d001,2021/10/3 10:18:40,"	628",0
d001,2021/10/3 10:18:41,"	628",0
d001,2021/10/3 10:18:42,"	628",0
d001,2021/10/3 10:18:43,"	628",0
d001,2021/10/3 10:18:44,"	628",0
d001,2021/10/3 10:18:45,"	628",0
d001,2021/10/3 10:18:46,"	628",0
d001,2021/10/3 10:18:47,"	628",0
d001,2021/10/3 10:18:48,"	628",0
d001,2021/10/3 10:18:49,"	628",0
d001,2021/10/3 10:18:50,"	628",0
d001,2021/10/3 10:18:51,"	627",0
d001,2021/10/3 10:18:52,"	628",0
d001,2021/10/3 10:18:53,"	628",0
d001,2021/10/3 10:18:54,"	628",0
d001,2021/10/3 10:18:55,"	628",0
d001,2021/10/3 10:18:56,"	628",0
d001,2021/10/3 10:18:57,"	628",0
d001,2021/10/3 10:18:58,"	628",0
d001,2021/10/3 10:18:59,"	628",0
d001,2021/10/3 10:19:00,"	628",0
d001,2021/10/3 10:19:01,"	628",0
d001,2021/10/3 10:19:02,"	628",0
d001,2021/10/3 10:19:03,"	628",0
d001,2021/10/3 10:19:04,"	628",0
d001,2021/10/3 10:19:05,"	628",0
d001,2021/10/3 10:19:06,"	628",0
d001,2021/10/3 10:19:07,"	628",0
d001,2021/10/3 10:19:08,"	628",0
d001,2021/10/3 10:19:09,"	628",0
d001,2021/10/3 10:19:10,"	628",0
d001,2021/10/3 10:19:11,"	628",0
d001,2021/10/3 10:19:12,"	628",0
d001,2021/10/3 10:19:13,"	628",0
d001,2021/10/3 10:19:14,"	628",0
d001,2021/10/3 10:19:15,"	628",0
d001,2021/10/3 10:19:16,"	628",0
d001,2021/10/3 10:19:17,"	628",0
d001,2021/10/3 10:19:18,"	629",0
d001,2021/10/3 10:19:19,"	628",0
d001,2021/10/3 10:19:20,"	628",0
d001,2021/10/3 10:19:21,"	628",0
d001,2021/10/3 10:19:22,"	628",0
d001,2021/10/3 10:19:23,"	628",0
d001,2021/10/3 10:19:24,"	628",0
d001,2021/10/3 10:19:25,"	628",0
d001,2021/10/3 10:19:26,"	628",0
d001,2021/10/3 10:19:27,"	628",0
d001,2021/10/3 10:19:28,"	628",0
d001,2021/10/3 10:19:29,"	628",0
d001,2021/10/3 10:19:30,"	628",0
d001,2021/10/3 10:19:31,"	628",0
d001,2021/10/3 10:19:32,"	628",0
d001,2021/10/3 10:19:33,"	628",0
d001,2021/10/3 10:19:34,"	628",0
d001,2021/10/3 10:19:35,"	628",0
d001,2021/10/3 10:19:36,"	628",0
d001,2021/10/3 10:19:37,"	628",0
d001,2021/10/3 10:19:38,"	628",0
d001,2021/10/3 10:19:39,"	628",0
d001,2021/10/3 10:19:40,"	628",0
d001,2021/10/3 10:19:41,"	628",0
d001,2021/10/3 10:19:42,"	628",0
d001,2021/10/3 10:19:43,"	628",0
d001,2021/10/3 10:19:44,"	628",0
d001,2021/10/3 10:19:45,"	629",0
d001,2021/10/3 10:19:46,"	628",0
d001,2021/10/3 10:19:47,"	628",0
d001,2021/10/3 10:19:48,"	628",0
d001,2021/10/3 10:19:49,"	628",0
d001,2021/10/3 10:19:50,"	629",0
d001,2021/10/3 10:19:51,"	628",0
d001,2021/10/3 10:19:52,"	628",0
d001,2021/10/3 10:19:53,"	628",0
d001,2021/10/3 10:19:54,"	628",0
d001,2021/10/3 10:19:55,"	628",0
d001,2021/10/3 10:19:56,"	628",0
d001,2021/10/3 10:19:57,"	628",0
d001,2021/10/3 10:19:58,"	628",0
d001,2021/10/3 10:19:59,"	628",0
d001,2021/10/3 10:20:00,"	628",0
d001,2021/10/3 10:20:01,"	628",0
d001,2021/10/3 10:20:02,"	628",0
d001,2021/10/3 10:20:03,"	628",0
d001,2021/10/3 10:20:04,"	628",0
d001,2021/10/3 10:20:05,"	628",0
d001,2021/10/3 10:20:06,"	628",0
d001,2021/10/3 10:20:07,"	628",0
d001,2021/10/3 10:20:08,"	628",0
d001,2021/10/3 10:20:09,"	628",0
d001,2021/10/3 10:20:10,"	628",0
d001,2021/10/3 10:20:11,"	628",0
d001,2021/10/3 10:20:12,"	628",0
d001,2021/10/3 10:20:13,"	628",0
d001,2021/10/3 10:20:14,"	628",0
d001,2021/10/3 10:20:15,"	628",0
d001,2021/10/3 10:20:16,"	628",0
d001,2021/10/3 10:20:17,"	628",0
d001,2021/10/3 10:20:18,"	624",0
d001,2021/10/3 10:20:19,"	628",0
d001,2021/10/3 10:20:20,"	628",0
d001,2021/10/3 10:20:21,"	628",0
d001,2021/10/3 10:20:22,"	628",0
d001,2021/10/3 10:20:23,"	629",0
d001,2021/10/3 10:20:24,"	629",0
d001,2021/10/3 10:20:25,"	628",0
d001,2021/10/3 10:20:26,"	628",0
d001,2021/10/3 10:20:27,"	629",0
d001,2021/10/3 10:20:28,"	628",0
d001,2021/10/3 10:20:29,"	628",0
d001,2021/10/3 10:20:30,"	628",0
d001,2021/10/3 10:20:31,"	628",0
d001,2021/10/3 10:20:32,"	628",0
d001,2021/10/3 10:20:33,"	628",0
d001,2021/10/3 10:20:33,"	628",0
d001,2021/10/3 10:20:34,"	628",0
d001,2021/10/3 10:20:35,"	628",0
d001,2021/10/3 10:20:36,"	628",0
d001,2021/10/3 10:20:37,"	628",0
