deviceId,time,Workbook:,humi,isDeleted
d001,2021/10/3 9:59:02,"	25",73,0
d001,2021/10/3 9:59:03,"	25",73,0
d001,2021/10/3 9:59:04,"	25",73,0
d001,2021/10/3 9:59:05,"	25",73,0
d001,2021/10/3 9:59:06,"	25",73,0
d001,2021/10/3 9:59:07,"	25",73,0
d001,2021/10/3 9:59:08,"	25",73,0
d001,2021/10/3 9:59:09,"	25",73,0
d001,2021/10/3 9:59:10,"	25",73,0
d001,2021/10/3 9:59:11,"	25",73,0
d001,2021/10/3 9:59:12,"	25",73,0
d001,2021/10/3 9:59:13,"	25",73,0
d001,2021/10/3 9:59:14,"	25",73,0
d001,2021/10/3 9:59:15,"	25",73,0
d001,2021/10/3 9:59:16,"	25",73,0
d001,2021/10/3 9:59:17,"	25",73,0
d001,2021/10/3 9:59:18,"	25",73,0
d001,2021/10/3 9:59:19,"	25",105,0
d001,2021/10/3 9:59:20,"	25",73,0
d001,2021/10/3 9:59:21,"	25",73,0
d001,2021/10/3 9:59:22,"	25",73,0
d001,2021/10/3 9:59:23,"	25",73,0
d001,2021/10/3 9:59:24,"	25",73,0
d001,2021/10/3 9:59:25,"	25",73,0
d001,2021/10/3 9:59:26,"	25",73,0
d001,2021/10/3 9:59:27,"	25",73,0
d001,2021/10/3 9:59:28,"	25",73,0
d001,2021/10/3 9:59:29,"	25",73,0
d001,2021/10/3 9:59:30,"	26",73,0
d001,2021/10/3 9:59:31,"	26",73,0
d001,2021/10/3 9:59:32,"	26",73,0
d001,2021/10/3 9:59:33,"	26",73,0
d001,2021/10/3 9:59:34,"	26",73,0
d001,2021/10/3 9:59:35,"	26",73,0
d001,2021/10/3 9:59:36,"	26",73,0
d001,2021/10/3 9:59:37,"	26",73,0
d001,2021/10/3 9:59:38,"	26",73,0
d001,2021/10/3 9:59:39,"	26",73,0
d001,2021/10/3 9:59:40,"	26",73,0
d001,2021/10/3 9:59:41,"	26",73,0
d001,2021/10/3 9:59:42,"	26",73,0
d001,2021/10/3 9:59:43,"	26",73,0
d001,2021/10/3 9:59:44,"	26",73,0
d001,2021/10/3 9:59:45,"	26",73,0
d001,2021/10/3 9:59:46,"	26",73,0
d001,2021/10/3 9:59:47,"	26",73,0
d001,2021/10/3 9:59:48,"	26",73,0
d001,2021/10/3 9:59:49,"	26",73,0
d001,2021/10/3 9:59:50,"	26",73,0
d001,2021/10/3 9:59:51,"	26",73,0
d001,2021/10/3 9:59:52,"	26",73,0
d001,2021/10/3 9:59:53,"	26",73,0
d001,2021/10/3 9:59:54,"	26",73,0
d001,2021/10/3 9:59:55,"	26",73,0
d001,2021/10/3 9:59:56,"	26",73,0
d001,2021/10/3 9:59:57,"	26",73,0
d001,2021/10/3 9:59:58,"	26",73,0
d001,2021/10/3 9:59:59,"	26",73,0
d001,2021/10/3 10:00:00,"	26",73,0
d001,2021/10/3 10:00:01,"	26",73,0
d001,2021/10/3 10:00:02,"	26",73,0
d001,2021/10/3 10:00:03,"	26",73,0
d001,2021/10/3 10:00:04,"	26",73,0
d001,2021/10/3 10:00:05,"	26",73,0
d001,2021/10/3 10:00:06,"	26",73,0
d001,2021/10/3 10:00:07,"	26",73,0
d001,2021/10/3 10:00:08,"	26",73,0
d001,2021/10/3 10:00:09,"	26",73,0
d001,2021/10/3 10:00:10,"	26",73,0
d001,2021/10/3 10:00:11,"	26",73,0
d001,2021/10/3 10:00:12,"	26",73,0
d001,2021/10/3 10:00:13,"	26",73,0
d001,2021/10/3 10:00:14,"	26",73,0
d001,2021/10/3 10:00:15,"	26",73,0
d001,2021/10/3 10:00:16,"	26",73,0
d001,2021/10/3 10:00:17,"	26",73,0
d001,2021/10/3 10:00:18,"	26",73,0
d001,2021/10/3 10:00:19,"	26",73,0
d001,2021/10/3 10:00:20,"	26",73,0
d001,2021/10/3 10:00:21,"	26",73,0
d001,2021/10/3 10:00:22,"	26",73,0
d001,2021/10/3 10:00:23,"	26",73,0
d001,2021/10/3 10:00:24,"	26",73,0
d001,2021/10/3 10:00:25,"	26",73,0
d001,2021/10/3 10:00:26,"	26",73,0
d001,2021/10/3 10:00:27,"	26",73,0
d001,2021/10/3 10:00:28,"	26",73,0
d001,2021/10/3 10:00:29,"	26",73,0
d001,2021/10/3 10:00:30,"	26",73,0
d001,2021/10/3 10:00:31,"	26",73,0
d001,2021/10/3 10:00:32,"	26",73,0
d001,2021/10/3 10:00:33,"	26",73,0
d001,2021/10/3 10:00:34,"	26",73,0
d001,2021/10/3 10:00:35,"	26",73,0
d001,2021/10/3 10:00:36,"	26",73,0
d001,2021/10/3 10:00:37,"	26",73,0
d001,2021/10/3 10:00:38,"	26",73,0
d001,2021/10/3 10:00:39,"	26",73,0
d001,2021/10/3 10:00:39,"	26",73,0
d001,2021/10/3 10:00:40,"	26",73,0
d001,2021/10/3 10:00:41,"	26",73,0
d001,2021/10/3 10:00:42,"	26",73,0
d001,2021/10/3 10:00:43,"	26",73,0
d001,2021/10/3 10:00:44,"	26",73,0
d001,2021/10/3 10:00:45,"	26",73,0
d001,2021/10/3 10:00:46,"	26",73,0
d001,2021/10/3 10:00:47,"	26",73,0
d001,2021/10/3 10:00:48,"	26",73,0
d001,2021/10/3 10:00:49,"	26",73,0
d001,2021/10/3 10:00:50,"	26",73,0
d001,2021/10/3 10:00:51,"	26",73,0
d001,2021/10/3 10:00:52,"	26",73,0
d001,2021/10/3 10:00:53,"	26",73,0
d001,2021/10/3 10:00:54,"	26",73,0
d001,2021/10/3 10:00:55,"	26",73,0
d001,2021/10/3 10:00:56,"	26",73,0
d001,2021/10/3 10:00:57,"	26",73,0
d001,2021/10/3 10:00:58,"	26",73,0
d001,2021/10/3 10:00:59,"	26",73,0
d001,2021/10/3 10:01:00,"	26",73,0
d001,2021/10/3 10:01:01,"	26",73,0
d001,2021/10/3 10:01:02,"	26",73,0
d001,2021/10/3 10:01:03,"	26",73,0
d001,2021/10/3 10:01:04,"	26",73,0
d001,2021/10/3 10:01:05,"	26",73,0
d001,2021/10/3 10:01:06,"	26",73,0
d001,2021/10/3 10:01:07,"	26",73,0
d001,2021/10/3 10:01:08,"	26",73,0
d001,2021/10/3 10:01:09,"	26",73,0
d001,2021/10/3 10:01:10,"	26",73,0
d001,2021/10/3 10:01:11,"	26",73,0
d001,2021/10/3 10:01:12,"	26",73,0
d001,2021/10/3 10:01:13,"	26",73,0
d001,2021/10/3 10:01:14,"	26",73,0
d001,2021/10/3 10:01:15,"	26",73,0
d001,2021/10/3 10:01:16,"	26",73,0
d001,2021/10/3 10:01:17,"	26",73,0
d001,2021/10/3 10:01:18,"	26",73,0
d001,2021/10/3 10:01:19,"	26",73,0
d001,2021/10/3 10:01:20,"	26",73,0
d001,2021/10/3 10:01:21,"	26",73,0
d001,2021/10/3 10:01:22,"	26",73,0
d001,2021/10/3 10:01:23,"	26",73,0
d001,2021/10/3 10:01:24,"	26",73,0
d001,2021/10/3 10:01:25,"	26",73,0
d001,2021/10/3 10:01:26,"	26",73,0
d001,2021/10/3 10:01:27,"	26",73,0
d001,2021/10/3 10:01:28,"	26",73,0
d001,2021/10/3 10:01:29,"	26",73,0
d001,2021/10/3 10:01:30,"	26",73,0
d001,2021/10/3 10:01:31,"	26",73,0
d001,2021/10/3 10:01:32,"	26",73,0
d001,2021/10/3 10:01:33,"	26",73,0
d001,2021/10/3 10:01:34,"	26",73,0
d001,2021/10/3 10:01:35,"	26",73,0
d001,2021/10/3 10:01:36,"	26",73,0
d001,2021/10/3 10:01:37,"	26",73,0
d001,2021/10/3 10:01:38,"	26",73,0
d001,2021/10/3 10:01:39,"	26",73,0
d001,2021/10/3 10:01:40,"	26",73,0
d001,2021/10/3 10:01:41,"	26",73,0
d001,2021/10/3 10:01:42,"	26",73,0
d001,2021/10/3 10:01:43,"	26",73,0
d001,2021/10/3 10:01:44,"	26",73,0
d001,2021/10/3 10:01:45,"	26",73,0
d001,2021/10/3 10:01:46,"	26",73,0
d001,2021/10/3 10:01:47,"	26",73,0
d001,2021/10/3 10:01:48,"	26",73,0
d001,2021/10/3 10:01:49,"	26",73,0
d001,2021/10/3 10:01:50,"	26",73,0
d001,2021/10/3 10:01:51,"	26",73,0
d001,2021/10/3 10:01:52,"	26",73,0
d001,2021/10/3 10:01:53,"	26",73,0
d001,2021/10/3 10:01:54,"	26",73,0
d001,2021/10/3 10:01:55,"	26",73,0
d001,2021/10/3 10:01:56,"	26",73,0
d001,2021/10/3 10:01:57,"	26",73,0
d001,2021/10/3 10:01:58,"	26",73,0
d001,2021/10/3 10:01:59,"	26",73,0
d001,2021/10/3 10:02:00,"	26",73,0
d001,2021/10/3 10:02:01,"	26",73,0
d001,2021/10/3 10:02:02,"	26",73,0
d001,2021/10/3 10:02:03,"	26",73,0
d001,2021/10/3 10:02:04,"	26",73,0
d001,2021/10/3 10:02:05,"	26",73,0
d001,2021/10/3 10:02:06,"	26",73,0
d001,2021/10/3 10:02:07,"	26",73,0
d001,2021/10/3 10:02:08,"	26",73,0
d001,2021/10/3 10:02:09,"	26",73,0
d001,2021/10/3 10:02:10,"	26",73,0
d001,2021/10/3 10:02:11,"	26",73,0
d001,2021/10/3 10:02:12,"	26",73,0
d001,2021/10/3 10:02:13,"	26",73,0
d001,2021/10/3 10:02:14,"	26",73,0
d001,2021/10/3 10:02:15,"	26",73,0
d001,2021/10/3 10:02:16,"	26",73,0
d001,2021/10/3 10:02:17,"	26",73,0
d001,2021/10/3 10:02:18,"	26",73,0
d001,2021/10/3 10:02:19,"	26",73,0
d001,2021/10/3 10:02:20,"	26",73,0
d001,2021/10/3 10:02:21,"	26",73,0
d001,2021/10/3 10:02:22,"	26",73,0
d001,2021/10/3 10:02:23,"	26",73,0
d001,2021/10/3 10:02:24,"	26",73,0
d001,2021/10/3 10:02:25,"	26",73,0
d001,2021/10/3 10:02:26,"	26",73,0
d001,2021/10/3 10:02:27,"	26",73,0
d001,2021/10/3 10:02:28,"	26",73,0
d001,2021/10/3 10:02:29,"	26",73,0
d001,2021/10/3 10:02:30,"	26",73,0
d001,2021/10/3 10:02:31,"	26",73,0
d001,2021/10/3 10:02:32,"	26",73,0
d001,2021/10/3 10:02:33,"	26",73,0
d001,2021/10/3 10:02:34,"	26",73,0
d001,2021/10/3 10:02:35,"	26",73,0
d001,2021/10/3 10:02:36,"	26",73,0
d001,2021/10/3 10:02:37,"	26",73,0
d001,2021/10/3 10:02:38,"	26",73,0
d001,2021/10/3 10:02:39,"	26",73,0
d001,2021/10/3 10:02:40,"	26",73,0
d001,2021/10/3 10:02:41,"	26",73,0
d001,2021/10/3 10:02:42,"	26",73,0
d001,2021/10/3 10:02:43,"	26",73,0
d001,2021/10/3 10:02:44,"	26",73,0
d001,2021/10/3 10:02:45,"	26",73,0
d001,2021/10/3 10:02:46,"	26",73,0
d001,2021/10/3 10:02:47,"	26",73,0
d001,2021/10/3 10:02:48,"	26",73,0
d001,2021/10/3 10:02:49,"	26",73,0
d001,2021/10/3 10:02:50,"	26",73,0
d001,2021/10/3 10:02:51,"	26",73,0
d001,2021/10/3 10:02:52,"	26",73,0
d001,2021/10/3 10:02:53,"	26",73,0
d001,2021/10/3 10:02:54,"	26",73,0
d001,2021/10/3 10:02:55,"	26",73,0
d001,2021/10/3 10:02:56,"	26",73,0
d001,2021/10/3 10:02:57,"	26",73,0
d001,2021/10/3 10:02:58,"	26",73,0
d001,2021/10/3 10:02:59,"	26",73,0
d001,2021/10/3 10:03:00,"	26",73,0
d001,2021/10/3 10:03:01,"	26",73,0
d001,2021/10/3 10:03:02,"	26",73,0
d001,2021/10/3 10:03:03,"	26",73,0
d001,2021/10/3 10:03:04,"	26",73,0
d001,2021/10/3 10:03:05,"	26",73,0
d001,2021/10/3 10:03:06,"	26",73,0
d001,2021/10/3 10:03:07,"	26",73,0
d001,2021/10/3 10:03:08,"	26",73,0
d001,2021/10/3 10:03:09,"	26",73,0
d001,2021/10/3 10:03:10,"	26",73,0
d001,2021/10/3 10:03:11,"	26",73,0
d001,2021/10/3 10:03:12,"	26",73,0
d001,2021/10/3 10:03:13,"	26",73,0
d001,2021/10/3 10:03:14,"	26",73,0
d001,2021/10/3 10:03:15,"	26",73,0
d001,2021/10/3 10:03:16,"	26",73,0
d001,2021/10/3 10:03:17,"	26",73,0
d001,2021/10/3 10:03:18,"	26",73,0
d001,2021/10/3 10:03:19,"	26",73,0
d001,2021/10/3 10:03:20,"	26",73,0
d001,2021/10/3 10:03:21,"	26",73,0
d001,2021/10/3 10:03:22,"	26",73,0
d001,2021/10/3 10:03:23,"	26",73,0
d001,2021/10/3 10:03:24,"	26",73,0
d001,2021/10/3 10:03:25,"	26",73,0
d001,2021/10/3 10:03:26,"	26",73,0
d001,2021/10/3 10:03:27,"	26",73,0
d001,2021/10/3 10:03:28,"	26",73,0
d001,2021/10/3 10:03:29,"	26",73,0
d001,2021/10/3 10:03:30,"	26",73,0
d001,2021/10/3 10:03:31,"	26",73,0
d001,2021/10/3 10:03:32,"	26",73,0
d001,2021/10/3 10:03:33,"	26",73,0
d001,2021/10/3 10:03:34,"	26",73,0
d001,2021/10/3 10:03:35,"	26",73,0
d001,2021/10/3 10:03:36,"	26",73,0
d001,2021/10/3 10:03:37,"	26",73,0
d001,2021/10/3 10:03:38,"	26",73,0
d001,2021/10/3 10:03:39,"	26",73,0
d001,2021/10/3 10:03:40,"	26",73,0
d001,2021/10/3 10:03:41,"	26",73,0
d001,2021/10/3 10:03:42,"	26",73,0
d001,2021/10/3 10:03:43,"	26",73,0
d001,2021/10/3 10:03:44,"	26",73,0
d001,2021/10/3 10:03:45,"	26",73,0
d001,2021/10/3 10:03:46,"	26",73,0
d001,2021/10/3 10:03:47,"	26",73,0
d001,2021/10/3 10:03:48,"	26",73,0
d001,2021/10/3 10:03:49,"	26",73,0
d001,2021/10/3 10:03:50,"	26",73,0
d001,2021/10/3 10:03:51,"	26",73,0
d001,2021/10/3 10:03:52,"	26",73,0
d001,2021/10/3 10:03:53,"	26",73,0
d001,2021/10/3 10:03:54,"	26",73,0
d001,2021/10/3 10:03:55,"	26",73,0
d001,2021/10/3 10:03:56,"	26",73,0
d001,2021/10/3 10:03:57,"	26",73,0
d001,2021/10/3 10:03:58,"	26",73,0
d001,2021/10/3 10:03:58,"	26",73,0
d001,2021/10/3 10:03:59,"	26",73,0
d001,2021/10/3 10:04:00,"	26",73,0
d001,2021/10/3 10:04:01,"	26",73,0
d001,2021/10/3 10:04:02,"	26",73,0
d001,2021/10/3 10:04:03,"	26",73,0
d001,2021/10/3 10:04:04,"	26",73,0
d001,2021/10/3 10:04:05,"	26",73,0
d001,2021/10/3 10:04:06,"	26",73,0
d001,2021/10/3 10:04:07,"	26",73,0
d001,2021/10/3 10:04:08,"	26",73,0
d001,2021/10/3 10:04:09,"	26",73,0
d001,2021/10/3 10:04:10,"	26",73,0
d001,2021/10/3 10:04:11,"	26",73,0
d001,2021/10/3 10:04:12,"	26",73,0
d001,2021/10/3 10:04:13,"	26",73,0
d001,2021/10/3 10:04:14,"	26",73,0
d001,2021/10/3 10:04:15,"	26",73,0
d001,2021/10/3 10:04:16,"	26",73,0
d001,2021/10/3 10:04:17,"	26",73,0
d001,2021/10/3 10:04:18,"	26",73,0
d001,2021/10/3 10:04:19,"	26",201,0
d001,2021/10/3 10:04:20,"	26",73,0
d001,2021/10/3 10:04:21,"	26",73,0
d001,2021/10/3 10:04:22,"	26",73,0
d001,2021/10/3 10:04:23,"	26",73,0
d001,2021/10/3 10:04:24,"	26",73,0
d001,2021/10/3 10:04:25,"	26",73,0
d001,2021/10/3 10:04:26,"	26",73,0
d001,2021/10/3 10:04:27,"	26",73,0
d001,2021/10/3 10:04:28,"	26",73,0
d001,2021/10/3 10:04:29,"	26",73,0
d001,2021/10/3 10:04:30,"	26",73,0
d001,2021/10/3 10:04:31,"	26",73,0
d001,2021/10/3 10:04:32,"	26",73,0
d001,2021/10/3 10:04:33,"	26",73,0
d001,2021/10/3 10:04:34,"	26",73,0
d001,2021/10/3 10:04:35,"	26",73,0
d001,2021/10/3 10:04:36,"	26",73,0
d001,2021/10/3 10:04:37,"	26",73,0
d001,2021/10/3 10:04:38,"	26",73,0
d001,2021/10/3 10:04:39,"	26",73,0
d001,2021/10/3 10:04:40,"	26",73,0
d001,2021/10/3 10:04:41,"	26",73,0
d001,2021/10/3 10:04:42,"	26",73,0
d001,2021/10/3 10:04:43,"	26",73,0
d001,2021/10/3 10:04:44,"	26",73,0
d001,2021/10/3 10:04:45,"	26",73,0
d001,2021/10/3 10:04:46,"	26",73,0
d001,2021/10/3 10:04:47,"	26",73,0
d001,2021/10/3 10:04:48,"	26",73,0
d001,2021/10/3 10:04:49,"	26",73,0
d001,2021/10/3 10:04:50,"	26",73,0
d001,2021/10/3 10:04:51,"	26",73,0
d001,2021/10/3 10:04:52,"	26",73,0
d001,2021/10/3 10:04:53,"	26",73,0
d001,2021/10/3 10:04:54,"	26",73,0
d001,2021/10/3 10:04:55,"	26",73,0
d001,2021/10/3 10:04:56,"	26",73,0
d001,2021/10/3 10:04:57,"	26",73,0
d001,2021/10/3 10:04:58,"	26",73,0
d001,2021/10/3 10:04:59,"	26",73,0
d001,2021/10/3 10:05:00,"	26",73,0
d001,2021/10/3 10:05:01,"	26",73,0
d001,2021/10/3 10:05:02,"	26",73,0
d001,2021/10/3 10:05:03,"	26",73,0
d001,2021/10/3 10:05:04,"	26",73,0
d001,2021/10/3 10:05:05,"	26",73,0
d001,2021/10/3 10:05:06,"	26",73,0
d001,2021/10/3 10:05:07,"	26",73,0
d001,2021/10/3 10:05:08,"	26",73,0
d001,2021/10/3 10:05:09,"	26",73,0
d001,2021/10/3 10:05:10,"	26",73,0
d001,2021/10/3 10:05:11,"	26",73,0
d001,2021/10/3 10:05:12,"	26",73,0
d001,2021/10/3 10:05:13,"	26",73,0
d001,2021/10/3 10:05:14,"	26",73,0
d001,2021/10/3 10:05:15,"	26",73,0
d001,2021/10/3 10:05:16,"	26",73,0
d001,2021/10/3 10:05:17,"	26",73,0
d001,2021/10/3 10:05:18,"	26",73,0
d001,2021/10/3 10:05:19,"	26",73,0
d001,2021/10/3 10:05:20,"	26",73,0
d001,2021/10/3 10:05:21,"	26",73,0
d001,2021/10/3 10:05:22,"	26",73,0
d001,2021/10/3 10:05:23,"	26",73,0
d001,2021/10/3 10:05:24,"	26",73,0
d001,2021/10/3 10:05:25,"	26",73,0
d001,2021/10/3 10:05:26,"	26",73,0
d001,2021/10/3 10:05:27,"	26",73,0
d001,2021/10/3 10:05:28,"	26",73,0
d001,2021/10/3 10:05:29,"	26",73,0
d001,2021/10/3 10:05:30,"	26",73,0
d001,2021/10/3 10:05:31,"	26",73,0
d001,2021/10/3 10:05:32,"	26",73,0
d001,2021/10/3 10:05:33,"	26",73,0
d001,2021/10/3 10:05:34,"	26",73,0
d001,2021/10/3 10:05:35,"	26",73,0
d001,2021/10/3 10:05:36,"	26",73,0
d001,2021/10/3 10:05:37,"	26",73,0
d001,2021/10/3 10:05:38,"	26",73,0
d001,2021/10/3 10:05:39,"	26",73,0
d001,2021/10/3 10:05:40,"	26",73,0
d001,2021/10/3 10:05:41,"	26",73,0
d001,2021/10/3 10:05:42,"	26",73,0
d001,2021/10/3 10:05:43,"	26",73,0
d001,2021/10/3 10:05:44,"	26",73,0
d001,2021/10/3 10:05:45,"	26",73,0
d001,2021/10/3 10:05:46,"	26",73,0
d001,2021/10/3 10:05:47,"	26",73,0
d001,2021/10/3 10:05:48,"	26",73,0
d001,2021/10/3 10:05:49,"	26",73,0
d001,2021/10/3 10:05:50,"	26",73,0
d001,2021/10/3 10:05:51,"	26",73,0
d001,2021/10/3 10:05:52,"	26",73,0
d001,2021/10/3 10:05:53,"	26",73,0
d001,2021/10/3 10:05:54,"	26",73,0
d001,2021/10/3 10:05:55,"	26",73,0
d001,2021/10/3 10:05:56,"	26",73,0
d001,2021/10/3 10:05:57,"	26",73,0
d001,2021/10/3 10:05:58,"	26",73,0
d001,2021/10/3 10:05:59,"	26",73,0
d001,2021/10/3 10:06:00,"	26",73,0
d001,2021/10/3 10:06:01,"	26",73,0
d001,2021/10/3 10:06:02,"	26",73,0
d001,2021/10/3 10:06:03,"	26",73,0
d001,2021/10/3 10:06:04,"	26",73,0
d001,2021/10/3 10:06:05,"	26",73,0
d001,2021/10/3 10:06:06,"	26",73,0
d001,2021/10/3 10:06:07,"	26",73,0
d001,2021/10/3 10:06:08,"	26",73,0
d001,2021/10/3 10:06:09,"	26",73,0
d001,2021/10/3 10:06:10,"	26",73,0
d001,2021/10/3 10:06:11,"	26",73,0
d001,2021/10/3 10:06:12,"	26",73,0
d001,2021/10/3 10:06:13,"	26",73,0
d001,2021/10/3 10:06:14,"	26",73,0
d001,2021/10/3 10:06:15,"	26",73,0
d001,2021/10/3 10:06:16,"	26",73,0
d001,2021/10/3 10:06:17,"	26",73,0
d001,2021/10/3 10:06:18,"	26",73,0
d001,2021/10/3 10:06:19,"	26",73,0
d001,2021/10/3 10:06:20,"	26",73,0
d001,2021/10/3 10:06:21,"	26",73,0
d001,2021/10/3 10:06:22,"	26",73,0
d001,2021/10/3 10:06:23,"	26",73,0
d001,2021/10/3 10:06:24,"	26",73,0
d001,2021/10/3 10:06:25,"	26",73,0
d001,2021/10/3 10:06:26,"	26",73,0
d001,2021/10/3 10:06:27,"	27",73,0
d001,2021/10/3 10:06:28,"	26",73,0
d001,2021/10/3 10:06:29,"	26",73,0
d001,2021/10/3 10:06:30,"	26",73,0
d001,2021/10/3 10:06:31,"	26",73,0
d001,2021/10/3 10:06:32,"	26",73,0
d001,2021/10/3 10:06:33,"	26",73,0
d001,2021/10/3 10:06:34,"	26",73,0
d001,2021/10/3 10:06:35,"	26",73,0
d001,2021/10/3 10:06:36,"	26",73,0
d001,2021/10/3 10:06:37,"	26",73,0
d001,2021/10/3 10:06:38,"	26",73,0
d001,2021/10/3 10:06:39,"	26",73,0
d001,2021/10/3 10:06:40,"	26",73,0
d001,2021/10/3 10:06:41,"	26",73,0
d001,2021/10/3 10:06:42,"	26",73,0
d001,2021/10/3 10:06:43,"	26",73,0
d001,2021/10/3 10:06:44,"	26",73,0
d001,2021/10/3 10:06:45,"	26",73,0
d001,2021/10/3 10:06:46,"	26",73,0
d001,2021/10/3 10:06:47,"	26",73,0
d001,2021/10/3 10:06:48,"	26",73,0
d001,2021/10/3 10:06:49,"	26",73,0
d001,2021/10/3 10:06:50,"	26",73,0
d001,2021/10/3 10:06:51,"	26",73,0
d001,2021/10/3 10:06:52,"	26",73,0
d001,2021/10/3 10:06:53,"	26",73,0
d001,2021/10/3 10:06:54,"	26",73,0
d001,2021/10/3 10:06:55,"	26",73,0
d001,2021/10/3 10:06:56,"	26",73,0
d001,2021/10/3 10:06:57,"	26",73,0
d001,2021/10/3 10:06:58,"	26",73,0
d001,2021/10/3 10:06:59,"	26",73,0
d001,2021/10/3 10:07:00,"	26",73,0
d001,2021/10/3 10:07:01,"	26",73,0
d001,2021/10/3 10:07:02,"	26",73,0
d001,2021/10/3 10:07:03,"	26",73,0
d001,2021/10/3 10:07:04,"	26",73,0
d001,2021/10/3 10:07:05,"	26",73,0
d001,2021/10/3 10:07:06,"	26",73,0
d001,2021/10/3 10:07:07,"	26",73,0
d001,2021/10/3 10:07:08,"	26",73,0
d001,2021/10/3 10:07:09,"	26",73,0
d001,2021/10/3 10:07:10,"	26",73,0
d001,2021/10/3 10:07:11,"	26",73,0
d001,2021/10/3 10:07:12,"	26",73,0
d001,2021/10/3 10:07:13,"	26",73,0
d001,2021/10/3 10:07:14,"	26",73,0
d001,2021/10/3 10:07:15,"	26",73,0
d001,2021/10/3 10:07:16,"	26",73,0
d001,2021/10/3 10:07:17,"	26",73,0
d001,2021/10/3 10:07:17,"	26",73,0
d001,2021/10/3 10:07:18,"	26",73,0
d001,2021/10/3 10:07:19,"	26",73,0
d001,2021/10/3 10:07:20,"	26",73,0
d001,2021/10/3 10:07:21,"	26",73,0
d001,2021/10/3 10:07:22,"	26",73,0
d001,2021/10/3 10:07:23,"	26",73,0
d001,2021/10/3 10:07:24,"	26",73,0
d001,2021/10/3 10:07:25,"	26",73,0
d001,2021/10/3 10:07:26,"	26",73,0
d001,2021/10/3 10:07:27,"	26",73,0
d001,2021/10/3 10:07:28,"	26",73,0
d001,2021/10/3 10:07:29,"	26",73,0
d001,2021/10/3 10:07:30,"	26",73,0
d001,2021/10/3 10:07:31,"	26",73,0
d001,2021/10/3 10:07:32,"	26",73,0
d001,2021/10/3 10:07:33,"	26",73,0
d001,2021/10/3 10:07:34,"	26",73,0
d001,2021/10/3 10:07:35,"	26",73,0
d001,2021/10/3 10:07:36,"	26",73,0
d001,2021/10/3 10:07:37,"	26",73,0
d001,2021/10/3 10:07:38,"	26",73,0
d001,2021/10/3 10:07:39,"	26",73,0
d001,2021/10/3 10:07:40,"	26",73,0
d001,2021/10/3 10:07:41,"	26",73,0
d001,2021/10/3 10:07:42,"	26",73,0
d001,2021/10/3 10:07:43,"	26",73,0
d001,2021/10/3 10:07:44,"	26",73,0
d001,2021/10/3 10:07:45,"	26",73,0
d001,2021/10/3 10:07:46,"	26",73,0
d001,2021/10/3 10:07:47,"	26",73,0
d001,2021/10/3 10:07:48,"	26",73,0
d001,2021/10/3 10:07:49,"	26",73,0
d001,2021/10/3 10:07:50,"	26",73,0
d001,2021/10/3 10:07:51,"	26",73,0
d001,2021/10/3 10:07:52,"	26",73,0
d001,2021/10/3 10:07:53,"	26",73,0
d001,2021/10/3 10:07:54,"	26",73,0
d001,2021/10/3 10:07:55,"	26",73,0
d001,2021/10/3 10:07:56,"	26",73,0
d001,2021/10/3 10:07:57,"	26",73,0
d001,2021/10/3 10:07:58,"	26",73,0
d001,2021/10/3 10:07:59,"	26",73,0
d001,2021/10/3 10:08:00,"	26",73,0
d001,2021/10/3 10:08:01,"	26",73,0
d001,2021/10/3 10:08:02,"	26",73,0
d001,2021/10/3 10:08:03,"	26",73,0
d001,2021/10/3 10:08:04,"	26",73,0
d001,2021/10/3 10:08:05,"	26",73,0
d001,2021/10/3 10:08:06,"	26",73,0
d001,2021/10/3 10:08:07,"	26",73,0
d001,2021/10/3 10:08:08,"	26",73,0
d001,2021/10/3 10:08:09,"	26",73,0
d001,2021/10/3 10:08:10,"	26",73,0
d001,2021/10/3 10:08:11,"	26",73,0
d001,2021/10/3 10:08:12,"	26",73,0
d001,2021/10/3 10:08:13,"	26",73,0
d001,2021/10/3 10:08:14,"	26",73,0
d001,2021/10/3 10:08:15,"	26",73,0
d001,2021/10/3 10:08:16,"	26",73,0
d001,2021/10/3 10:08:17,"	26",73,0
d001,2021/10/3 10:08:18,"	26",73,0
d001,2021/10/3 10:08:19,"	26",73,0
d001,2021/10/3 10:08:20,"	26",73,0
d001,2021/10/3 10:08:21,"	26",73,0
d001,2021/10/3 10:08:22,"	26",73,0
d001,2021/10/3 10:08:23,"	26",73,0
d001,2021/10/3 10:08:24,"	26",73,0
d001,2021/10/3 10:08:25,"	26",73,0
d001,2021/10/3 10:08:26,"	26",73,0
d001,2021/10/3 10:08:27,"	26",73,0
d001,2021/10/3 10:08:28,"	26",73,0
d001,2021/10/3 10:08:29,"	26",73,0
d001,2021/10/3 10:08:30,"	26",73,0
d001,2021/10/3 10:08:31,"	26",73,0
d001,2021/10/3 10:08:32,"	26",73,0
d001,2021/10/3 10:08:33,"	26",73,0
d001,2021/10/3 10:08:34,"	26",73,0
d001,2021/10/3 10:08:35,"	26",73,0
d001,2021/10/3 10:08:36,"	26",73,0
d001,2021/10/3 10:08:37,"	26",73,0
d001,2021/10/3 10:08:38,"	26",73,0
d001,2021/10/3 10:08:39,"	26",73,0
d001,2021/10/3 10:08:40,"	26",73,0
d001,2021/10/3 10:08:41,"	26",73,0
d001,2021/10/3 10:08:42,"	26",73,0
d001,2021/10/3 10:08:43,"	26",73,0
d001,2021/10/3 10:08:44,"	26",73,0
d001,2021/10/3 10:08:45,"	26",73,0
d001,2021/10/3 10:08:46,"	26",73,0
d001,2021/10/3 10:08:47,"	26",73,0
d001,2021/10/3 10:08:48,"	26",73,0
d001,2021/10/3 10:08:49,"	26",73,0
d001,2021/10/3 10:08:50,"	26",73,0
d001,2021/10/3 10:08:51,"	26",73,0
d001,2021/10/3 10:08:52,"	26",73,0
d001,2021/10/3 10:08:53,"	26",73,0
d001,2021/10/3 10:08:54,"	26",73,0
d001,2021/10/3 10:08:55,"	26",73,0
d001,2021/10/3 10:08:56,"	26",73,0
d001,2021/10/3 10:08:57,"	26",73,0
d001,2021/10/3 10:08:58,"	26",73,0
d001,2021/10/3 10:08:59,"	26",73,0
d001,2021/10/3 10:09:00,"	26",73,0
d001,2021/10/3 10:09:01,"	26",73,0
d001,2021/10/3 10:09:02,"	26",73,0
d001,2021/10/3 10:09:03,"	26",73,0
d001,2021/10/3 10:09:04,"	26",73,0
d001,2021/10/3 10:09:05,"	26",73,0
d001,2021/10/3 10:09:06,"	26",73,0
d001,2021/10/3 10:09:07,"	26",73,0
d001,2021/10/3 10:09:08,"	26",73,0
d001,2021/10/3 10:09:09,"	26",73,0
d001,2021/10/3 10:09:10,"	26",73,0
d001,2021/10/3 10:09:11,"	26",73,0
d001,2021/10/3 10:09:12,"	26",73,0
d001,2021/10/3 10:09:13,"	26",73,0
d001,2021/10/3 10:09:14,"	26",73,0
d001,2021/10/3 10:09:15,"	26",73,0
d001,2021/10/3 10:09:16,"	26",73,0
d001,2021/10/3 10:09:17,"	26",73,0
d001,2021/10/3 10:09:18,"	26",73,0
d001,2021/10/3 10:09:19,"	26",73,0
d001,2021/10/3 10:09:20,"	26",73,0
d001,2021/10/3 10:09:21,"	26",73,0
d001,2021/10/3 10:09:22,"	26",73,0
d001,2021/10/3 10:09:23,"	26",73,0
d001,2021/10/3 10:09:24,"	26",73,0
d001,2021/10/3 10:09:25,"	26",73,0
d001,2021/10/3 10:09:26,"	26",73,0
d001,2021/10/3 10:09:27,"	26",73,0
d001,2021/10/3 10:09:28,"	26",73,0
d001,2021/10/3 10:09:29,"	26",73,0
d001,2021/10/3 10:09:30,"	26",73,0
d001,2021/10/3 10:09:31,"	26",73,0
d001,2021/10/3 10:09:32,"	26",73,0
d001,2021/10/3 10:09:33,"	26",73,0
d001,2021/10/3 10:09:34,"	26",73,0
d001,2021/10/3 10:09:35,"	26",73,0
d001,2021/10/3 10:09:36,"	26",73,0
d001,2021/10/3 10:09:37,"	26",73,0
d001,2021/10/3 10:09:38,"	26",73,0
d001,2021/10/3 10:09:39,"	26",73,0
d001,2021/10/3 10:09:40,"	26",73,0
d001,2021/10/3 10:09:41,"	26",73,0
d001,2021/10/3 10:09:42,"	26",73,0
d001,2021/10/3 10:09:43,"	26",73,0
d001,2021/10/3 10:09:44,"	26",73,0
d001,2021/10/3 10:09:45,"	26",73,0
d001,2021/10/3 10:09:46,"	26",73,0
d001,2021/10/3 10:09:47,"	26",73,0
d001,2021/10/3 10:09:48,"	26",73,0
d001,2021/10/3 10:09:49,"	26",73,0
d001,2021/10/3 10:09:50,"	26",73,0
d001,2021/10/3 10:09:51,"	26",73,0
d001,2021/10/3 10:09:52,"	26",73,0
d001,2021/10/3 10:09:53,"	26",73,0
d001,2021/10/3 10:09:54,"	26",73,0
d001,2021/10/3 10:09:55,"	26",73,0
d001,2021/10/3 10:09:56,"	26",73,0
d001,2021/10/3 10:09:57,"	26",73,0
d001,2021/10/3 10:09:58,"	26",73,0
d001,2021/10/3 10:09:59,"	26",73,0
d001,2021/10/3 10:10:00,"	26",73,0
d001,2021/10/3 10:10:01,"	26",73,0
d001,2021/10/3 10:10:02,"	26",73,0
d001,2021/10/3 10:10:03,"	26",73,0
d001,2021/10/3 10:10:04,"	26",73,0
d001,2021/10/3 10:10:05,"	26",73,0
d001,2021/10/3 10:10:06,"	26",73,0
d001,2021/10/3 10:10:07,"	26",73,0
d001,2021/10/3 10:10:08,"	26",73,0
d001,2021/10/3 10:10:09,"	26",73,0
d001,2021/10/3 10:10:10,"	26",73,0
d001,2021/10/3 10:10:11,"	26",73,0
d001,2021/10/3 10:10:12,"	26",73,0
d001,2021/10/3 10:10:13,"	26",73,0
d001,2021/10/3 10:10:14,"	26",73,0
d001,2021/10/3 10:10:15,"	26",73,0
d001,2021/10/3 10:10:16,"	26",73,0
d001,2021/10/3 10:10:17,"	26",73,0
d001,2021/10/3 10:10:18,"	26",73,0
d001,2021/10/3 10:10:19,"	26",73,0
d001,2021/10/3 10:10:20,"	26",73,0
d001,2021/10/3 10:10:21,"	26",73,0
d001,2021/10/3 10:10:22,"	26",73,0
d001,2021/10/3 10:10:23,"	26",73,0
d001,2021/10/3 10:10:24,"	26",73,0
d001,2021/10/3 10:10:25,"	26",73,0
d001,2021/10/3 10:10:26,"	26",73,0
d001,2021/10/3 10:10:27,"	26",73,0
d001,2021/10/3 10:10:28,"	26",73,0
d001,2021/10/3 10:10:29,"	26",73,0
d001,2021/10/3 10:10:30,"	26",73,0
d001,2021/10/3 10:10:31,"	26",73,0
d001,2021/10/3 10:10:32,"	26",73,0
d001,2021/10/3 10:10:33,"	26",73,0
d001,2021/10/3 10:10:34,"	26",73,0
d001,2021/10/3 10:10:35,"	26",73,0
d001,2021/10/3 10:10:36,"	26",73,0
d001,2021/10/3 10:10:36,"	26",73,0
d001,2021/10/3 10:10:37,"	26",73,0
d001,2021/10/3 10:10:38,"	26",73,0
d001,2021/10/3 10:10:39,"	26",73,0
d001,2021/10/3 10:10:40,"	26",73,0
d001,2021/10/3 10:10:41,"	26",73,0
d001,2021/10/3 10:10:42,"	26",73,0
d001,2021/10/3 10:10:43,"	26",73,0
d001,2021/10/3 10:10:44,"	26",73,0
d001,2021/10/3 10:10:45,"	26",73,0
d001,2021/10/3 10:10:46,"	26",73,0
d001,2021/10/3 10:10:47,"	26",73,0
d001,2021/10/3 10:10:48,"	26",73,0
d001,2021/10/3 10:10:49,"	26",73,0
d001,2021/10/3 10:10:50,"	26",73,0
d001,2021/10/3 10:10:51,"	26",73,0
d001,2021/10/3 10:10:52,"	26",73,0
d001,2021/10/3 10:10:53,"	26",73,0
d001,2021/10/3 10:10:54,"	26",73,0
d001,2021/10/3 10:10:55,"	26",73,0
d001,2021/10/3 10:10:56,"	26",73,0
d001,2021/10/3 10:10:57,"	26",73,0
d001,2021/10/3 10:10:58,"	26",73,0
d001,2021/10/3 10:10:59,"	26",73,0
d001,2021/10/3 10:11:00,"	26",73,0
d001,2021/10/3 10:11:01,"	26",73,0
d001,2021/10/3 10:11:02,"	26",73,0
d001,2021/10/3 10:11:03,"	26",73,0
d001,2021/10/3 10:11:04,"	26",73,0
d001,2021/10/3 10:11:05,"	26",73,0
d001,2021/10/3 10:11:06,"	26",73,0
d001,2021/10/3 10:11:07,"	26",73,0
d001,2021/10/3 10:11:08,"	26",73,0
d001,2021/10/3 10:11:09,"	26",73,0
d001,2021/10/3 10:11:10,"	26",73,0
d001,2021/10/3 10:11:11,"	26",73,0
d001,2021/10/3 10:11:12,"	26",73,0
d001,2021/10/3 10:11:13,"	26",73,0
d001,2021/10/3 10:11:14,"	26",73,0
d001,2021/10/3 10:11:15,"	26",73,0
d001,2021/10/3 10:11:16,"	26",73,0
d001,2021/10/3 10:11:17,"	26",73,0
d001,2021/10/3 10:11:18,"	26",73,0
d001,2021/10/3 10:11:19,"	26",73,0
d001,2021/10/3 10:11:20,"	26",73,0
d001,2021/10/3 10:11:21,"	26",73,0
d001,2021/10/3 10:11:22,"	26",73,0
d001,2021/10/3 10:11:23,"	26",73,0
d001,2021/10/3 10:11:24,"	26",73,0
d001,2021/10/3 10:11:25,"	26",73,0
d001,2021/10/3 10:11:26,"	26",73,0
d001,2021/10/3 10:11:27,"	26",73,0
d001,2021/10/3 10:11:28,"	26",73,0
d001,2021/10/3 10:11:29,"	26",73,0
d001,2021/10/3 10:11:30,"	24",73,0
d001,2021/10/3 10:11:31,"	24",73,0
d001,2021/10/3 10:11:32,"	25",74,0
d001,2021/10/3 10:11:33,"	25",78,0
d001,2021/10/3 10:11:34,"	25",74,0
d001,2021/10/3 10:11:35,"	25",74,0
d001,2021/10/3 10:11:36,"	25",74,0
d001,2021/10/3 10:11:37,"	153",74,0
d001,2021/10/3 10:11:38,"	25",73,0
d001,2021/10/3 10:11:39,"	25",74,0
d001,2021/10/3 10:11:40,"	25",74,0
d001,2021/10/3 10:11:41,"	25",74,0
d001,2021/10/3 10:11:42,"	25",75,0
d001,2021/10/3 10:11:43,"	25",75,0
d001,2021/10/3 10:11:44,"	25",79,0
d001,2021/10/3 10:11:45,"	25",75,0
d001,2021/10/3 10:11:46,"	25",75,0
d001,2021/10/3 10:11:47,"	25",75,0
d001,2021/10/3 10:11:48,"	25",75,0
d001,2021/10/3 10:11:49,"	25",79,0
d001,2021/10/3 10:11:50,"	25",75,0
d001,2021/10/3 10:11:51,"	25",74,0
d001,2021/10/3 10:11:52,"	25",74,0
d001,2021/10/3 10:11:53,"	25",75,0
d001,2021/10/3 10:11:54,"	25",75,0
d001,2021/10/3 10:11:55,"	25",75,0
d001,2021/10/3 10:11:56,"	25",75,0
d001,2021/10/3 10:11:57,"	25",75,0
d001,2021/10/3 10:11:58,"	25",75,0
d001,2021/10/3 10:11:59,"	25",75,0
d001,2021/10/3 10:12:00,"	25",75,0
d001,2021/10/3 10:12:01,"	25",75,0
d001,2021/10/3 10:12:02,"	25",75,0
d001,2021/10/3 10:12:03,"	25",75,0
d001,2021/10/3 10:12:04,"	25",75,0
d001,2021/10/3 10:12:05,"	25",75,0
d001,2021/10/3 10:12:06,"	25",75,0
d001,2021/10/3 10:12:07,"	25",75,0
d001,2021/10/3 10:12:08,"	25",75,0
d001,2021/10/3 10:12:09,"	25",75,0
d001,2021/10/3 10:12:10,"	25",75,0
d001,2021/10/3 10:12:11,"	25",75,0
d001,2021/10/3 10:12:12,"	25",75,0
d001,2021/10/3 10:12:13,"	25",75,0
d001,2021/10/3 10:12:14,"	25",75,0
d001,2021/10/3 10:12:15,"	25",75,0
d001,2021/10/3 10:12:16,"	25",75,0
d001,2021/10/3 10:12:17,"	25",75,0
d001,2021/10/3 10:12:18,"	25",75,0
d001,2021/10/3 10:12:19,"	25",75,0
d001,2021/10/3 10:12:20,"	25",75,0
d001,2021/10/3 10:12:21,"	25",75,0
d001,2021/10/3 10:12:22,"	25",75,0
d001,2021/10/3 10:12:23,"	25",75,0
d001,2021/10/3 10:12:24,"	25",75,0
d001,2021/10/3 10:12:25,"	25",75,0
d001,2021/10/3 10:12:26,"	25",75,0
d001,2021/10/3 10:12:27,"	25",75,0
d001,2021/10/3 10:12:28,"	25",75,0
d001,2021/10/3 10:12:29,"	25",75,0
d001,2021/10/3 10:12:30,"	25",75,0
d001,2021/10/3 10:12:31,"	25",75,0
d001,2021/10/3 10:12:32,"	25",75,0
d001,2021/10/3 10:12:33,"	25",75,0
d001,2021/10/3 10:12:34,"	25",75,0
d001,2021/10/3 10:12:35,"	25",75,0
d001,2021/10/3 10:12:36,"	25",75,0
d001,2021/10/3 10:12:37,"	25",76,0
d001,2021/10/3 10:12:38,"	25",76,0
d001,2021/10/3 10:12:39,"	25",76,0
d001,2021/10/3 10:12:40,"	25",76,0
d001,2021/10/3 10:12:41,"	25",76,0
d001,2021/10/3 10:12:42,"	25",75,0
d001,2021/10/3 10:12:43,"	25",75,0
d001,2021/10/3 10:12:44,"	25",76,0
d001,2021/10/3 10:12:45,"	25",76,0
d001,2021/10/3 10:12:46,"	26",76,0
d001,2021/10/3 10:12:47,"	26",76,0
d001,2021/10/3 10:12:48,"	26",76,0
d001,2021/10/3 10:12:49,"	26",76,0
d001,2021/10/3 10:12:50,"	26",76,0
d001,2021/10/3 10:12:51,"	26",76,0
d001,2021/10/3 10:12:52,"	26",76,0
d001,2021/10/3 10:12:53,"	26",76,0
d001,2021/10/3 10:12:54,"	26",76,0
d001,2021/10/3 10:12:55,"	26",76,0
d001,2021/10/3 10:12:56,"	26",76,0
d001,2021/10/3 10:12:57,"	26",76,0
d001,2021/10/3 10:12:58,"	26",76,0
d001,2021/10/3 10:12:59,"	26",76,0
d001,2021/10/3 10:13:00,"	26",76,0
d001,2021/10/3 10:13:01,"	26",76,0
d001,2021/10/3 10:13:02,"	26",76,0
d001,2021/10/3 10:13:03,"	26",76,0
d001,2021/10/3 10:13:04,"	26",76,0
d001,2021/10/3 10:13:05,"	26",76,0
d001,2021/10/3 10:13:06,"	26",76,0
d001,2021/10/3 10:13:07,"	26",76,0
d001,2021/10/3 10:13:08,"	26",76,0
d001,2021/10/3 10:13:09,"	26",76,0
d001,2021/10/3 10:13:10,"	26",76,0
d001,2021/10/3 10:13:11,"	26",76,0
d001,2021/10/3 10:13:12,"	26",76,0
d001,2021/10/3 10:13:13,"	26",76,0
d001,2021/10/3 10:13:14,"	26",76,0
d001,2021/10/3 10:13:15,"	26",76,0
d001,2021/10/3 10:13:16,"	26",76,0
d001,2021/10/3 10:13:17,"	26",76,0
d001,2021/10/3 10:13:18,"	26",76,0
d001,2021/10/3 10:13:19,"	26",76,0
d001,2021/10/3 10:13:20,"	26",76,0
d001,2021/10/3 10:13:21,"	26",76,0
d001,2021/10/3 10:13:22,"	26",76,0
d001,2021/10/3 10:13:23,"	26",76,0
d001,2021/10/3 10:13:24,"	26",76,0
d001,2021/10/3 10:13:25,"	26",76,0
d001,2021/10/3 10:13:26,"	26",76,0
d001,2021/10/3 10:13:27,"	26",75,0
d001,2021/10/3 10:13:28,"	26",76,0
d001,2021/10/3 10:13:29,"	26",76,0
d001,2021/10/3 10:13:30,"	26",75,0
d001,2021/10/3 10:13:31,"	26",76,0
d001,2021/10/3 10:13:32,"	26",76,0
d001,2021/10/3 10:13:33,"	26",76,0
d001,2021/10/3 10:13:34,"	26",76,0
d001,2021/10/3 10:13:35,"	26",76,0
d001,2021/10/3 10:13:36,"	26",76,0
d001,2021/10/3 10:13:37,"	26",75,0
d001,2021/10/3 10:13:38,"	26",76,0
d001,2021/10/3 10:13:39,"	26",76,0
d001,2021/10/3 10:13:40,"	26",76,0
d001,2021/10/3 10:13:41,"	26",76,0
d001,2021/10/3 10:13:42,"	26",76,0
d001,2021/10/3 10:13:43,"	26",76,0
d001,2021/10/3 10:13:44,"	26",75,0
d001,2021/10/3 10:13:45,"	26",75,0
d001,2021/10/3 10:13:46,"	26",75,0
d001,2021/10/3 10:13:47,"	26",75,0
d001,2021/10/3 10:13:48,"	26",75,0
d001,2021/10/3 10:13:49,"	26",75,0
d001,2021/10/3 10:13:50,"	26",75,0
d001,2021/10/3 10:13:51,"	26",75,0
d001,2021/10/3 10:13:52,"	26",75,0
d001,2021/10/3 10:13:53,"	26",75,0
d001,2021/10/3 10:13:54,"	26",75,0
d001,2021/10/3 10:13:55,"	26",75,0
d001,2021/10/3 10:13:55,"	26",75,0
d001,2021/10/3 10:13:56,"	26",75,0
d001,2021/10/3 10:13:57,"	26",75,0
d001,2021/10/3 10:13:58,"	26",75,0
d001,2021/10/3 10:13:59,"	26",75,0
d001,2021/10/3 10:14:00,"	26",75,0
d001,2021/10/3 10:14:01,"	26",75,0
d001,2021/10/3 10:14:02,"	26",75,0
d001,2021/10/3 10:14:03,"	26",75,0
d001,2021/10/3 10:14:04,"	26",75,0
d001,2021/10/3 10:14:05,"	26",75,0
d001,2021/10/3 10:14:06,"	26",75,0
d001,2021/10/3 10:14:07,"	26",75,0
d001,2021/10/3 10:14:08,"	26",75,0
d001,2021/10/3 10:14:09,"	26",75,0
d001,2021/10/3 10:14:10,"	26",75,0
d001,2021/10/3 10:14:11,"	26",75,0
d001,2021/10/3 10:14:12,"	26",75,0
d001,2021/10/3 10:14:13,"	26",75,0
d001,2021/10/3 10:14:14,"	26",75,0
d001,2021/10/3 10:14:15,"	26",75,0
d001,2021/10/3 10:14:16,"	26",74,0
d001,2021/10/3 10:14:17,"	26",75,0
d001,2021/10/3 10:14:18,"	26",75,0
d001,2021/10/3 10:14:19,"	26",75,0
d001,2021/10/3 10:14:20,"	26",75,0
d001,2021/10/3 10:14:21,"	26",75,0
d001,2021/10/3 10:14:22,"	26",75,0
d001,2021/10/3 10:14:23,"	26",75,0
d001,2021/10/3 10:14:24,"	26",75,0
d001,2021/10/3 10:14:25,"	26",75,0
d001,2021/10/3 10:14:26,"	26",75,0
d001,2021/10/3 10:14:27,"	26",75,0
d001,2021/10/3 10:14:28,"	26",75,0
d001,2021/10/3 10:14:29,"	26",75,0
d001,2021/10/3 10:14:30,"	26",75,0
d001,2021/10/3 10:14:31,"	26",75,0
d001,2021/10/3 10:14:32,"	26",75,0
d001,2021/10/3 10:14:33,"	26",75,0
d001,2021/10/3 10:14:34,"	26",75,0
d001,2021/10/3 10:14:35,"	26",75,0
d001,2021/10/3 10:14:36,"	26",75,0
d001,2021/10/3 10:14:37,"	26",75,0
d001,2021/10/3 10:14:38,"	26",75,0
d001,2021/10/3 10:14:39,"	26",74,0
d001,2021/10/3 10:14:40,"	26",75,0
d001,2021/10/3 10:14:41,"	26",75,0
d001,2021/10/3 10:14:42,"	26",75,0
d001,2021/10/3 10:14:43,"	26",75,0
d001,2021/10/3 10:14:44,"	26",75,0
d001,2021/10/3 10:14:45,"	26",75,0
d001,2021/10/3 10:14:46,"	26",75,0
d001,2021/10/3 10:14:47,"	26",75,0
d001,2021/10/3 10:14:48,"	26",75,0
d001,2021/10/3 10:14:49,"	26",75,0
d001,2021/10/3 10:14:50,"	26",75,0
d001,2021/10/3 10:14:51,"	26",75,0
d001,2021/10/3 10:14:52,"	26",75,0
d001,2021/10/3 10:14:53,"	26",75,0
d001,2021/10/3 10:14:54,"	26",75,0
d001,2021/10/3 10:14:55,"	26",75,0
d001,2021/10/3 10:14:56,"	26",75,0
d001,2021/10/3 10:14:57,"	26",75,0
d001,2021/10/3 10:14:58,"	26",75,0
d001,2021/10/3 10:14:59,"	26",75,0
d001,2021/10/3 10:15:00,"	26",75,0
d001,2021/10/3 10:15:01,"	26",75,0
d001,2021/10/3 10:15:02,"	26",75,0
d001,2021/10/3 10:15:03,"	26",75,0
d001,2021/10/3 10:15:04,"	26",74,0
d001,2021/10/3 10:15:05,"	26",75,0
d001,2021/10/3 10:15:06,"	26",75,0
d001,2021/10/3 10:15:07,"	26",75,0
d001,2021/10/3 10:15:08,"	26",75,0
d001,2021/10/3 10:15:09,"	26",73,0
d001,2021/10/3 10:15:10,"	26",74,0
d001,2021/10/3 10:15:11,"	26",74,0
d001,2021/10/3 10:15:12,"	26",74,0
d001,2021/10/3 10:15:13,"	26",74,0
d001,2021/10/3 10:15:14,"	26",74,0
d001,2021/10/3 10:15:15,"	26",74,0
d001,2021/10/3 10:15:16,"	26",74,0
d001,2021/10/3 10:15:17,"	26",74,0
d001,2021/10/3 10:15:18,"	26",74,0
d001,2021/10/3 10:15:19,"	26",74,0
d001,2021/10/3 10:15:20,"	26",74,0
d001,2021/10/3 10:15:21,"	26",74,0
d001,2021/10/3 10:15:22,"	26",74,0
d001,2021/10/3 10:15:23,"	26",74,0
d001,2021/10/3 10:15:24,"	26",74,0
d001,2021/10/3 10:15:25,"	26",74,0
d001,2021/10/3 10:15:26,"	26",74,0
d001,2021/10/3 10:15:27,"	26",74,0
d001,2021/10/3 10:15:28,"	26",74,0
d001,2021/10/3 10:15:29,"	26",74,0
d001,2021/10/3 10:15:30,"	26",73,0
d001,2021/10/3 10:15:31,"	26",74,0
d001,2021/10/3 10:15:32,"	26",74,0
d001,2021/10/3 10:15:33,"	26",74,0
d001,2021/10/3 10:15:34,"	26",74,0
d001,2021/10/3 10:15:35,"	26",74,0
d001,2021/10/3 10:15:36,"	26",74,0
d001,2021/10/3 10:15:37,"	26",74,0
d001,2021/10/3 10:15:38,"	26",74,0
d001,2021/10/3 10:15:39,"	26",74,0
d001,2021/10/3 10:15:40,"	26",74,0
d001,2021/10/3 10:15:41,"	26",74,0
d001,2021/10/3 10:15:42,"	26",74,0
d001,2021/10/3 10:15:43,"	26",74,0
d001,2021/10/3 10:15:44,"	26",74,0
d001,2021/10/3 10:15:45,"	26",74,0
d001,2021/10/3 10:15:46,"	26",74,0
d001,2021/10/3 10:15:47,"	26",74,0
d001,2021/10/3 10:15:48,"	26",74,0
d001,2021/10/3 10:15:49,"	26",74,0
d001,2021/10/3 10:15:50,"	26",74,0
d001,2021/10/3 10:15:51,"	26",74,0
d001,2021/10/3 10:15:52,"	26",74,0
d001,2021/10/3 10:15:53,"	26",73,0
d001,2021/10/3 10:15:54,"	26",74,0
d001,2021/10/3 10:15:55,"	26",74,0
d001,2021/10/3 10:15:56,"	26",74,0
d001,2021/10/3 10:15:57,"	26",74,0
d001,2021/10/3 10:15:58,"	26",74,0
d001,2021/10/3 10:15:59,"	26",74,0
d001,2021/10/3 10:16:00,"	26",74,0
d001,2021/10/3 10:16:01,"	26",73,0
d001,2021/10/3 10:16:02,"	26",74,0
d001,2021/10/3 10:16:03,"	26",73,0
d001,2021/10/3 10:16:04,"	26",74,0
d001,2021/10/3 10:16:05,"	26",74,0
d001,2021/10/3 10:16:06,"	26",74,0
d001,2021/10/3 10:16:07,"	26",73,0
d001,2021/10/3 10:16:08,"	26",74,0
d001,2021/10/3 10:16:09,"	26",74,0
d001,2021/10/3 10:16:10,"	26",74,0
d001,2021/10/3 10:16:11,"	26",74,0
d001,2021/10/3 10:16:12,"	26",74,0
d001,2021/10/3 10:16:13,"	26",74,0
d001,2021/10/3 10:16:14,"	26",73,0
d001,2021/10/3 10:16:15,"	26",74,0
d001,2021/10/3 10:16:16,"	26",73,0
d001,2021/10/3 10:16:17,"	26",73,0
d001,2021/10/3 10:16:18,"	26",73,0
d001,2021/10/3 10:16:19,"	26",73,0
d001,2021/10/3 10:16:20,"	26",73,0
d001,2021/10/3 10:16:21,"	26",73,0
d001,2021/10/3 10:16:22,"	26",73,0
d001,2021/10/3 10:16:23,"	26",73,0
d001,2021/10/3 10:16:24,"	26",73,0
d001,2021/10/3 10:16:25,"	26",73,0
d001,2021/10/3 10:16:26,"	26",73,0
d001,2021/10/3 10:16:27,"	26",73,0
d001,2021/10/3 10:16:28,"	26",73,0
d001,2021/10/3 10:16:29,"	26",73,0
d001,2021/10/3 10:16:30,"	26",73,0
d001,2021/10/3 10:16:31,"	26",73,0
d001,2021/10/3 10:16:32,"	26",73,0
d001,2021/10/3 10:16:33,"	26",73,0
d001,2021/10/3 10:16:34,"	26",73,0
d001,2021/10/3 10:16:35,"	26",73,0
d001,2021/10/3 10:16:36,"	26",73,0
d001,2021/10/3 10:16:37,"	26",73,0
d001,2021/10/3 10:16:38,"	26",73,0
d001,2021/10/3 10:16:39,"	26",73,0
d001,2021/10/3 10:16:40,"	26",73,0
d001,2021/10/3 10:16:41,"	27",73,0
d001,2021/10/3 10:16:42,"	27",73,0
d001,2021/10/3 10:16:43,"	27",73,0
d001,2021/10/3 10:16:44,"	27",73,0
d001,2021/10/3 10:16:45,"	27",73,0
d001,2021/10/3 10:16:46,"	59",73,0
d001,2021/10/3 10:16:47,"	27",73,0
d001,2021/10/3 10:16:48,"	27",73,0
d001,2021/10/3 10:16:49,"	27",73,0
d001,2021/10/3 10:16:50,"	27",73,0
d001,2021/10/3 10:16:51,"	27",73,0
d001,2021/10/3 10:16:52,"	27",73,0
d001,2021/10/3 10:16:53,"	27",73,0
d001,2021/10/3 10:16:54,"	27",73,0
d001,2021/10/3 10:16:55,"	27",73,0
d001,2021/10/3 10:16:56,"	27",73,0
d001,2021/10/3 10:16:57,"	27",73,0
d001,2021/10/3 10:16:58,"	27",73,0
d001,2021/10/3 10:16:59,"	27",73,0
d001,2021/10/3 10:17:00,"	27",73,0
d001,2021/10/3 10:17:01,"	27",73,0
d001,2021/10/3 10:17:02,"	27",73,0
d001,2021/10/3 10:17:03,"	27",73,0
d001,2021/10/3 10:17:04,"	27",73,0
d001,2021/10/3 10:17:05,"	27",73,0
d001,2021/10/3 10:17:06,"	27",73,0
d001,2021/10/3 10:17:07,"	27",73,0
d001,2021/10/3 10:17:08,"	27",73,0
d001,2021/10/3 10:17:09,"	27",73,0
d001,2021/10/3 10:17:10,"	27",73,0
d001,2021/10/3 10:17:11,"	27",73,0
d001,2021/10/3 10:17:12,"	27",73,0
d001,2021/10/3 10:17:13,"	27",73,0
d001,2021/10/3 10:17:14,"	27",73,0
d001,2021/10/3 10:17:14,"	27",73,0
d001,2021/10/3 10:17:15,"	27",73,0
d001,2021/10/3 10:17:16,"	27",73,0
d001,2021/10/3 10:17:17,"	27",73,0
d001,2021/10/3 10:17:18,"	27",73,0
d001,2021/10/3 10:17:19,"	27",73,0
d001,2021/10/3 10:17:20,"	27",73,0
d001,2021/10/3 10:17:21,"	27",73,0
d001,2021/10/3 10:17:22,"	27",73,0
d001,2021/10/3 10:17:23,"	27",73,0
d001,2021/10/3 10:17:24,"	27",73,0
d001,2021/10/3 10:17:25,"	27",73,0
d001,2021/10/3 10:17:26,"	27",73,0
d001,2021/10/3 10:17:27,"	27",73,0
d001,2021/10/3 10:17:28,"	27",73,0
d001,2021/10/3 10:17:29,"	27",73,0
d001,2021/10/3 10:17:30,"	27",73,0
d001,2021/10/3 10:17:31,"	27",73,0
d001,2021/10/3 10:17:32,"	27",73,0
d001,2021/10/3 10:17:33,"	27",73,0
d001,2021/10/3 10:17:34,"	27",73,0
d001,2021/10/3 10:17:35,"	27",73,0
d001,2021/10/3 10:17:36,"	27",73,0
d001,2021/10/3 10:17:37,"	27",73,0
d001,2021/10/3 10:17:38,"	27",73,0
d001,2021/10/3 10:17:39,"	27",73,0
d001,2021/10/3 10:17:40,"	27",73,0
d001,2021/10/3 10:17:41,"	27",73,0
d001,2021/10/3 10:17:42,"	27",73,0
d001,2021/10/3 10:17:43,"	27",73,0
d001,2021/10/3 10:17:44,"	27",73,0
d001,2021/10/3 10:17:45,"	27",73,0
d001,2021/10/3 10:17:46,"	27",73,0
d001,2021/10/3 10:17:47,"	27",73,0
d001,2021/10/3 10:17:48,"	27",73,0
d001,2021/10/3 10:17:49,"	27",73,0
d001,2021/10/3 10:17:50,"	27",73,0
d001,2021/10/3 10:17:51,"	27",73,0
d001,2021/10/3 10:17:52,"	27",73,0
d001,2021/10/3 10:17:53,"	27",73,0
d001,2021/10/3 10:17:54,"	27",73,0
d001,2021/10/3 10:17:55,"	27",73,0
d001,2021/10/3 10:17:56,"	27",73,0
d001,2021/10/3 10:17:57,"	27",73,0
d001,2021/10/3 10:17:58,"	27",73,0
d001,2021/10/3 10:17:59,"	27",73,0
d001,2021/10/3 10:18:00,"	27",73,0
d001,2021/10/3 10:18:01,"	27",73,0
d001,2021/10/3 10:18:02,"	27",73,0
d001,2021/10/3 10:18:03,"	27",73,0
d001,2021/10/3 10:18:04,"	27",73,0
d001,2021/10/3 10:18:05,"	27",73,0
d001,2021/10/3 10:18:06,"	27",73,0
d001,2021/10/3 10:18:07,"	27",73,0
d001,2021/10/3 10:18:08,"	27",73,0
d001,2021/10/3 10:18:09,"	27",73,0
d001,2021/10/3 10:18:10,"	27",73,0
d001,2021/10/3 10:18:11,"	27",73,0
d001,2021/10/3 10:18:12,"	27",73,0
d001,2021/10/3 10:18:13,"	27",73,0
d001,2021/10/3 10:18:14,"	27",73,0
d001,2021/10/3 10:18:15,"	27",73,0
d001,2021/10/3 10:18:16,"	27",73,0
d001,2021/10/3 10:18:17,"	27",73,0
d001,2021/10/3 10:18:18,"	27",73,0
d001,2021/10/3 10:18:19,"	27",73,0
d001,2021/10/3 10:18:20,"	27",73,0
d001,2021/10/3 10:18:21,"	27",73,0
d001,2021/10/3 10:18:22,"	27",73,0
d001,2021/10/3 10:18:23,"	27",73,0
d001,2021/10/3 10:18:24,"	27",73,0
d001,2021/10/3 10:18:25,"	27",73,0
d001,2021/10/3 10:18:26,"	27",73,0
d001,2021/10/3 10:18:27,"	27",73,0
d001,2021/10/3 10:18:28,"	59",73,0
d001,2021/10/3 10:18:29,"	27",73,0
d001,2021/10/3 10:18:30,"	27",73,0
d001,2021/10/3 10:18:31,"	27",73,0
d001,2021/10/3 10:18:32,"	27",73,0
d001,2021/10/3 10:18:33,"	27",73,0
d001,2021/10/3 10:18:34,"	27",73,0
d001,2021/10/3 10:18:35,"	27",73,0
d001,2021/10/3 10:18:36,"	27",73,0
d001,2021/10/3 10:18:37,"	27",73,0
d001,2021/10/3 10:18:38,"	27",73,0
d001,2021/10/3 10:18:39,"	27",73,0
d001,2021/10/3 10:18:40,"	27",73,0
d001,2021/10/3 10:18:41,"	27",73,0
d001,2021/10/3 10:18:42,"	27",73,0
d001,2021/10/3 10:18:43,"	27",73,0
d001,2021/10/3 10:18:44,"	27",73,0
d001,2021/10/3 10:18:45,"	27",73,0
d001,2021/10/3 10:18:46,"	27",72,0
d001,2021/10/3 10:18:47,"	27",73,0
d001,2021/10/3 10:18:48,"	27",73,0
d001,2021/10/3 10:18:49,"	27",73,0
d001,2021/10/3 10:18:50,"	27",73,0
d001,2021/10/3 10:18:51,"	27",73,0
d001,2021/10/3 10:18:52,"	27",73,0
d001,2021/10/3 10:18:53,"	27",73,0
d001,2021/10/3 10:18:54,"	27",73,0
d001,2021/10/3 10:18:55,"	27",73,0
d001,2021/10/3 10:18:56,"	27",73,0
d001,2021/10/3 10:18:57,"	27",73,0
d001,2021/10/3 10:18:58,"	27",73,0
d001,2021/10/3 10:18:59,"	27",73,0
d001,2021/10/3 10:19:00,"	27",73,0
d001,2021/10/3 10:19:01,"	27",73,0
d001,2021/10/3 10:19:02,"	27",73,0
d001,2021/10/3 10:19:03,"	27",73,0
d001,2021/10/3 10:19:04,"	27",73,0
d001,2021/10/3 10:19:05,"	27",72,0
d001,2021/10/3 10:19:06,"	27",72,0
d001,2021/10/3 10:19:07,"	27",72,0
d001,2021/10/3 10:19:08,"	27",72,0
d001,2021/10/3 10:19:09,"	27",72,0
d001,2021/10/3 10:19:10,"	27",72,0
d001,2021/10/3 10:19:11,"	27",72,0
d001,2021/10/3 10:19:12,"	27",72,0
d001,2021/10/3 10:19:13,"	27",72,0
d001,2021/10/3 10:19:14,"	27",72,0
d001,2021/10/3 10:19:15,"	27",72,0
d001,2021/10/3 10:19:16,"	27",72,0
d001,2021/10/3 10:19:17,"	27",72,0
d001,2021/10/3 10:19:18,"	27",72,0
d001,2021/10/3 10:19:19,"	27",72,0
d001,2021/10/3 10:19:20,"	27",72,0
d001,2021/10/3 10:19:21,"	27",72,0
d001,2021/10/3 10:19:22,"	27",72,0
d001,2021/10/3 10:19:23,"	27",72,0
d001,2021/10/3 10:19:24,"	27",72,0
d001,2021/10/3 10:19:25,"	27",72,0
d001,2021/10/3 10:19:26,"	27",72,0
d001,2021/10/3 10:19:27,"	27",72,0
d001,2021/10/3 10:19:28,"	27",72,0
d001,2021/10/3 10:19:29,"	27",72,0
d001,2021/10/3 10:19:30,"	27",72,0
d001,2021/10/3 10:19:31,"	27",72,0
d001,2021/10/3 10:19:32,"	27",72,0
d001,2021/10/3 10:19:33,"	27",72,0
d001,2021/10/3 10:19:34,"	27",72,0
d001,2021/10/3 10:19:35,"	27",72,0
d001,2021/10/3 10:19:36,"	27",72,0
d001,2021/10/3 10:19:37,"	27",72,0
d001,2021/10/3 10:19:38,"	27",72,0
d001,2021/10/3 10:19:39,"	27",72,0
d001,2021/10/3 10:19:40,"	27",72,0
d001,2021/10/3 10:19:41,"	27",72,0
d001,2021/10/3 10:19:42,"	27",72,0
d001,2021/10/3 10:19:43,"	27",72,0
d001,2021/10/3 10:19:44,"	27",72,0
d001,2021/10/3 10:19:45,"	27",72,0
d001,2021/10/3 10:19:46,"	27",72,0
d001,2021/10/3 10:19:47,"	27",72,0
d001,2021/10/3 10:19:48,"	27",88,0
d001,2021/10/3 10:19:49,"	27",72,0
d001,2021/10/3 10:19:50,"	27",72,0
d001,2021/10/3 10:19:51,"	27",72,0
d001,2021/10/3 10:19:52,"	27",72,0
d001,2021/10/3 10:19:53,"	27",72,0
d001,2021/10/3 10:19:54,"	27",72,0
d001,2021/10/3 10:19:55,"	27",72,0
d001,2021/10/3 10:19:56,"	27",72,0
d001,2021/10/3 10:19:57,"	27",72,0
d001,2021/10/3 10:19:58,"	27",72,0
d001,2021/10/3 10:19:59,"	27",72,0
d001,2021/10/3 10:20:00,"	27",72,0
d001,2021/10/3 10:20:01,"	27",72,0
d001,2021/10/3 10:20:02,"	27",72,0
d001,2021/10/3 10:20:03,"	27",72,0
d001,2021/10/3 10:20:04,"	27",72,0
d001,2021/10/3 10:20:05,"	27",72,0
d001,2021/10/3 10:20:06,"	27",72,0
d001,2021/10/3 10:20:07,"	27",72,0
d001,2021/10/3 10:20:08,"	27",72,0
d001,2021/10/3 10:20:09,"	27",72,0
d001,2021/10/3 10:20:10,"	27",72,0
d001,2021/10/3 10:20:11,"	27",72,0
d001,2021/10/3 10:20:12,"	27",72,0
d001,2021/10/3 10:20:13,"	27",72,0
d001,2021/10/3 10:20:14,"	27",72,0
d001,2021/10/3 10:20:15,"	27",72,0
d001,2021/10/3 10:20:16,"	27",72,0
d001,2021/10/3 10:20:17,"	27",72,0
d001,2021/10/3 10:20:18,"	27",72,0
d001,2021/10/3 10:20:19,"	27",72,0
d001,2021/10/3 10:20:20,"	27",72,0
d001,2021/10/3 10:20:21,"	27",72,0
d001,2021/10/3 10:20:22,"	27",72,0
d001,2021/10/3 10:20:23,"	27",72,0
d001,2021/10/3 10:20:24,"	27",72,0
d001,2021/10/3 10:20:25,"	27",72,0
d001,2021/10/3 10:20:26,"	27",72,0
d001,2021/10/3 10:20:27,"	27",72,0
d001,2021/10/3 10:20:28,"	27",72,0
d001,2021/10/3 10:20:29,"	27",72,0
d001,2021/10/3 10:20:30,"	27",71,0
d001,2021/10/3 10:20:31,"	27",72,0
d001,2021/10/3 10:20:32,"	27",72,0
d001,2021/10/3 10:20:33,"	27",72,0
d001,2021/10/3 10:20:33,"	27",72,0
d001,2021/10/3 10:20:34,"	27",72,0
d001,2021/10/3 10:20:35,"	27",72,0
d001,2021/10/3 10:20:36,"	27",72,0
d001,2021/10/3 10:20:37,"	27",72,0
