phone-number		name	isDeleted
17834235820	d3d71ce7f417d8a343467b18fdb48792	PhilipBradley	0
11057843562	72122d6e5dee68607abdaf2bb9f58e41	HaleyNguyen	0
17127836790	3f012011137a67fc9910bad1a7947d01	RaymondShepherd	0
11884911352	91871ea4acba1ebe517ce3debb8c484f	JohnBerger	0
15471084291	fce35ef56dd2c8819b8c80d94893f08b	ElizabethPittman	0
15683450635	0b16d70616e6089e79186085308487cf	BrandonEvans	0
16676960520	339da45410a44090867872c4128bd713	MadisonAdams	0
12646413043	b17a3b5e812bdb20ba689e9aae801da0	CarolLewis	0
15308175554	c6b2a773ac9a4df7a22db5a971f3d222	DianaRobinson	0
18785543132	bb8637c638c6607f343826ffdac6491a	MathewHorton	0
16256446374	2a593d9d3e548eddfd9ff7f8a5b25c77	MadisonTravis	0
16926941734	f78b04b418f99238b53dbf023ea3b69d	PatriciaAlexander	0
18186697919	ea106bf7ace16490b4eb5735e0a5a2ba	MaryScott	0
15298862383	f982086361efc4aec7b080cd6c0645d4	AmberHebert	0
15945109101	3d7d49ce6266217be6ba75513ebb0c67	JasmineHardy	0
13841181168	53f6774c0eb788dd4542486056b15ad3	KarenWilliams	0
17837052080	141b05994687a2259efff3562f671ed6	MariahOrozco	0
11759194009	52eb59d4cf2220f5bf39770291ca98dd	CourtneyMejia	0
15330607884	0f7280a41f46dc6ea11c301ecb2e107e	ElizabethKramer	0
11382376598	ba918a1e1d4442eaa9e7bca5d04a1c5e	MicheleSmith	0
16070554229	c604992fe617e2ff7ed8ab37a1825e3b	BarbaraThornton	0
12387027658	43f747128e84647c02068837b5d86c44	LisaMartin	0
17224737230	f38229fc8dec85409d5942cb192ce8c3	SandraWood	0
13512072167	8d124dbac35590f2bcb365ac572de1d3	TheresaStark	0
15837652795	d42a810860c3b0b47999ff719229b5b5	BrendaHansen	0
15431695686	1fefc772cab027e4b9ff108ac16d0654	AmandaBernard	0
12748035115	33c6d06c510db9c10e74205a850bc900	LisaAnderson	0
12508765854	af6e252abac5fe99a7b7e7e5d887ecdf	DanielleBryant	0
12734273616	a088941ba8e09fa4dc866e6e76388ad3	ToniGardner	0
14421152034	ee49ed7ee24cb5b4911c74abd930ce05	DanielHart	0
18556349960	6af704db31c7d58af2e70e059a163f47	ZacharyWise	0
17984533438	b8dacb956e8fc45c685e89c8ffe31f4c	MichaelGardner	0
13028519403	6d3c2eb0b0a867f9c1b4c378e635ce2b	MatthewJacobs	0
11299311963	997f729a22a398290b605bba1c4b55d1	JeremyPhillips	0
14007793944	bed7bfe3478e23bfe9538f32d098db0a	EricWoodard	0
16843067770	7f944b4055cf08c38ada5688fa829140	RonaldRice	0
17225621565	15eecc3ca643ec145322f9de4e08c69f	JoseRodriguez	0
14744122495	dab2526c29d00bd6d0e975e3390d1fc7	AaronSanchez	0
19803346789	f911361328fa1caa2651d10fa208fec6	DanielLee	0
19547285262	c274271057cfea05317a9b09831c87ae	AmandaClark	0
15900446777	72748b25f86c7ba5e1bd04feab1d5ea7	SusanLarsen	0
15718616595	25c2aff8e12303b0bea7c4abbaf31759	AmandaThompson	0
16166055292	a52c4824dbb8e1fe5454b1280e32d461	StephaniePrice	0
15192207603	bb03a1d4cbfb1b56da118bc23db136c4	CatherineTaylor	0
16314416672	c2b35e2aaf8334cb216d3403957ff6e5	TrevorMitchell	0
19400454983	4018a63362c48229df0f60a7621c0098	BradleyMathis	0
12195470193	4b59db5659c6f0e51c5764d3d5d50411	HelenColon	0
17624138728	31bd82db06e318b9e9f4bdef6b25aa3f	LawrenceDuffy	0
10851430708	1b5d0a10a95e6312cb8e0ef52f01879c	ShannonMiller	0
10359891548	c9a121fe026c6eac5509b8f64a490c82	JamesLarson	0
14004575383	b3e65864df110d740af0d299143c8e81	BriannaLawrence	0
12930301927	7029fd62f7bdfc19b1ca66916508572e	JoshuaFernandez	0
18934509963	460f4e0d1299780e545e298ddafa732b	KaylaHiggins	0
11202647611	116d9bb4deb124c53a6efe46b64c3c6e	GinaHumphreyDVM	0
13599120226	19172be811bc4f30b0a1bffa1aa2786c	AmandaGarcia	0
13184142573	b15becf92f8c20baad84a5d65279e4d4	ChaseFisher	0
11374275253	e9d14644269fab33d0a161afd7eda242	LisaSmith	0
11472631922	98f165a609800b5bffc9a51c05a683e6	DianaWyatt	0
11978486745	9016a7e4b746c4883fe457d159398726	OscarLopez	0
15287468944	5ce705dee1b2555e384d99a1715aa3fe	AngelDuncan	0
14948722052	c840945a1aa08a5171fed8b3673bec13	AshleyVelez	0
12502205762	80f869c097b129845eac1307cff273a8	StacieMartinez	0
16872163600	c23d83e0f50cb59d23b2dbaaaeff32f6	DamonLewis	0
14265960783	92b06c25ded8f47369c8d28f1db436fb	MaryCook	0
15940023555	3975a6ca4928b3e1464d189fae888688	StevenTorres	0
15776461324	8d8c843e8e18d4122ad312d1c4fc23f1	MitchellAlvarez	0
17528367492	95e57d815b3fb9f93a9b111be715c381	ShannonGonzalez	0
16612281632	2d72aab364a42ebd962b7a30c09b6fa8	DanielleJohnson	0
15459653856	25afd25fb8ef15f637806d6155ec7c8f	StephenMcgee	0
16652890752	58fa13fe9d6bf014073bf1d36937f238	RandallWells	0
19035924925	08d21f554c67e3298e6cd2e4664ca217	MaryBrowning	0
18417287012	461f4dec47f3c0dc32a8be96d5d9c4e2	ChristopherStanton	0
19609029979	7a1cac0b764138949cbc7f5af8a5a674	AmandaWilliams	0
13281359709	bbba8f64b21d8f8dce63c092e415fe50	AmyMartinez	0
11496791662	d7209c4b8328844e4d3d012f9a431938	DanielHill	0
11065409314	33205d78a23923845796ba086210aae9	CharlesFranco	0
10004497971	310e2246cecf047a23fa446f4c77648d	JillHodges	0
15039480216	f25c4cee7993248f209d2efc07a0ac88	JasonGlover	0
12328237567	c92121ff2fe70dcf9969a094e8530a24	CindyMiller	0
11445920136	a103df6baa8e7068f147bcb3dca0759d	KimberlyJohnson	0
11660760798	98d2bea56f692d892924088b4496a18d	AngelaShaffer	0
18127396800	bf6b33918baa3db39a1b25bf3e19525d	AshleyBoyle	0
10999290629	4af876d94a60b5397332a78c0532947a	BrookeBrooks	0
16288413433	ecef509953bf6d9c7bdd70b83cd1b2a6	Ms.ShannonConner	0
16428229479	58fdcd1f1147bd6607275416c2ec7309	JenniferLynn	0
16293633916	d765c73f136f9e29183f015fa73c0325	NancyJohnson	0
15051624105	5172474d36b1f8935b1904776017925f	LaurieSmith	0
19324420367	f2b1a3e6d0480da0b3c82726b838c47c	JustinWatson	0
16172608583	ee72fd52e6e0c5b29be14721475fd173	SheilaHowe	0
17375388827	4c8a4aa1e2ef27b859b7c5fee2d39e0b	JackieSanchezDDS	0
13262627269	258976c0d9fb526f2c896d8720aeeaa7	BrentRussell	0
17271085965	bd931c6eedc3f4b386ac7e2848f21678	LisaScott	0
18548615634	f74ba92164f6a69233d0f47f906ee990	MichaelWallace	0
14711128705	588776869cd0415b3adab8dd691fd7e0	RalphWong	0
16758502440	386c5d4e840aade08ee3412d22109341	VirginiaThomas	0
19156278454	16eed759fa0f74ee85916ff7bf737bb2	DonaldGarcia	0
11744098913	e5d71ec132c2d0874b055c344a579409	BenjaminRamos	0
11379898815	e6bdaaf00f60bfbb62592a586ce75d2f	MichaelHale	0
10808353007	6be20064a0c5c390662a65412d42303d	KevinEvans	0
15712572568	f651f5cb61f47b358bac7444afdd88c7	EdwardPham	0
